complaint_id,issuer,quarter,stratum_size,weight
6382163,Discover,2023-Q1,250,7.8125
6389277,American Express,2023-Q1,365,4.5625
6390169,Discover,2023-Q1,250,7.8125
6390395,Chase,2023-Q1,539,8.983333333333333
6390452,Capital One,2023-Q1,849,26.53125
6390460,Chase,2023-Q1,539,8.983333333333333
6390940,Capital One,2023-Q1,849,26.53125
6390996,Bank of America,2023-Q1,407,12.71875
6391482,Synchrony,2023-Q1,544,17.0
6391999,American Express,2023-Q1,365,4.5625
6392028,Citi,2023-Q1,602,18.8125
6397004,Chase,2023-Q1,539,8.983333333333333
6397006,American Express,2023-Q1,365,4.5625
6400199,Chase,2023-Q1,539,8.983333333333333
6401120,American Express,2023-Q1,365,4.5625
6402271,American Express,2023-Q1,365,4.5625
6405558,Discover,2023-Q1,250,7.8125
6406088,American Express,2023-Q1,365,4.5625
6406143,Bank of America,2023-Q1,407,12.71875
6406817,Discover,2023-Q1,250,7.8125
6407739,Discover,2023-Q1,250,7.8125
6411242,American Express,2023-Q1,365,4.5625
6411332,Discover,2023-Q1,250,7.8125
6411510,Citi,2023-Q1,602,18.8125
6413643,Chase,2023-Q1,539,8.983333333333333
6414183,Citi,2023-Q1,602,18.8125
6416250,Chase,2023-Q1,539,8.983333333333333
6418258,Capital One,2023-Q1,849,26.53125
6418969,Chase,2023-Q1,539,8.983333333333333
6419282,Citi,2023-Q1,602,18.8125
6420633,American Express,2023-Q1,365,4.5625
6421233,American Express,2023-Q1,365,4.5625
6421386,Synchrony,2023-Q1,544,17.0
6422618,Chase,2023-Q1,539,8.983333333333333
6422662,Citi,2023-Q1,602,18.8125
6422946,American Express,2023-Q1,365,4.5625
6424433,American Express,2023-Q1,365,4.5625
6425147,Chase,2023-Q1,539,8.983333333333333
6425358,Chase,2023-Q1,539,8.983333333333333
6427014,Capital One,2023-Q1,849,26.53125
6427421,Bank of America,2023-Q1,407,12.71875
6427861,American Express,2023-Q1,365,4.5625
6429204,American Express,2023-Q1,365,4.5625
6430373,Citi,2023-Q1,602,18.8125
6431192,Discover,2023-Q1,250,7.8125
6431792,Chase,2023-Q1,539,8.983333333333333
6433534,Synchrony,2023-Q1,544,17.0
6433698,Bank of America,2023-Q1,407,12.71875
6433849,Citi,2023-Q1,602,18.8125
6434567,Discover,2023-Q1,250,7.8125
6434643,Chase,2023-Q1,539,8.983333333333333
6437677,Synchrony,2023-Q1,544,17.0
6437836,American Express,2023-Q1,365,4.5625
6439198,Chase,2023-Q1,539,8.983333333333333
6440728,Citi,2023-Q1,602,18.8125
6441295,Discover,2023-Q1,250,7.8125
6441444,Synchrony,2023-Q1,544,17.0
6441676,Synchrony,2023-Q1,544,17.0
6443044,Discover,2023-Q1,250,7.8125
6443679,Capital One,2023-Q1,849,26.53125
6446609,American Express,2023-Q1,365,4.5625
6447680,Bank of America,2023-Q1,407,12.71875
6449519,Discover,2023-Q1,250,7.8125
6449766,Citi,2023-Q1,602,18.8125
6450039,Synchrony,2023-Q1,544,17.0
6453147,American Express,2023-Q1,365,4.5625
6453543,Bank of America,2023-Q1,407,12.71875
6457644,American Express,2023-Q1,365,4.5625
6460299,American Express,2023-Q1,365,4.5625
6461216,Chase,2023-Q1,539,8.983333333333333
6463236,Chase,2023-Q1,539,8.983333333333333
6463906,American Express,2023-Q1,365,4.5625
6464241,Capital One,2023-Q1,849,26.53125
6465335,Chase,2023-Q1,539,8.983333333333333
6465838,Chase,2023-Q1,539,8.983333333333333
6467986,Capital One,2023-Q1,849,26.53125
6468103,American Express,2023-Q1,365,4.5625
6468767,Chase,2023-Q1,539,8.983333333333333
6469168,Citi,2023-Q1,602,18.8125
6478283,Chase,2023-Q1,539,8.983333333333333
6480170,Citi,2023-Q1,602,18.8125
6481363,Bank of America,2023-Q1,407,12.71875
6482610,Capital One,2023-Q1,849,26.53125
6485128,American Express,2023-Q1,365,4.5625
6487175,Capital One,2023-Q1,849,26.53125
6487806,American Express,2023-Q1,365,4.5625
6491277,Discover,2023-Q1,250,7.8125
6491436,Chase,2023-Q1,539,8.983333333333333
6491474,Discover,2023-Q1,250,7.8125
6494342,Citi,2023-Q1,602,18.8125
6494895,Capital One,2023-Q1,849,26.53125
6501180,Discover,2023-Q1,250,7.8125
6503130,Chase,2023-Q1,539,8.983333333333333
6503256,Chase,2023-Q1,539,8.983333333333333
6503980,Chase,2023-Q1,539,8.983333333333333
6504412,Chase,2023-Q1,539,8.983333333333333
6505157,Citi,2023-Q1,602,18.8125
6505491,Bank of America,2023-Q1,407,12.71875
6507506,American Express,2023-Q1,365,4.5625
6508798,Chase,2023-Q1,539,8.983333333333333
6509231,American Express,2023-Q1,365,4.5625
6509521,Synchrony,2023-Q1,544,17.0
6510139,Capital One,2023-Q1,849,26.53125
6510461,American Express,2023-Q1,365,4.5625
6510751,Bank of America,2023-Q1,407,12.71875
6512114,American Express,2023-Q1,365,4.5625
6516066,Bank of America,2023-Q1,407,12.71875
6516749,American Express,2023-Q1,365,4.5625
6517568,Chase,2023-Q1,539,8.983333333333333
6517922,Discover,2023-Q1,250,7.8125
6517971,Citi,2023-Q1,602,18.8125
6521431,Synchrony,2023-Q1,544,17.0
6521460,American Express,2023-Q1,365,4.5625
6521817,Capital One,2023-Q1,849,26.53125
6522038,American Express,2023-Q1,365,4.5625
6524214,Citi,2023-Q1,602,18.8125
6525040,Synchrony,2023-Q1,544,17.0
6525417,American Express,2023-Q1,365,4.5625
6526162,Synchrony,2023-Q1,544,17.0
6527844,American Express,2023-Q1,365,4.5625
6528681,American Express,2023-Q1,365,4.5625
6528848,Chase,2023-Q1,539,8.983333333333333
6529034,Citi,2023-Q1,602,18.8125
6530455,Discover,2023-Q1,250,7.8125
6534639,Capital One,2023-Q1,849,26.53125
6534688,Synchrony,2023-Q1,544,17.0
6535973,Capital One,2023-Q1,849,26.53125
6536080,Capital One,2023-Q1,849,26.53125
6538498,American Express,2023-Q1,365,4.5625
6540372,Citi,2023-Q1,602,18.8125
6540826,Synchrony,2023-Q1,544,17.0
6541782,Citi,2023-Q1,602,18.8125
6541838,Capital One,2023-Q1,849,26.53125
6542141,Discover,2023-Q1,250,7.8125
6542763,Chase,2023-Q1,539,8.983333333333333
6545124,Capital One,2023-Q1,849,26.53125
6547520,Capital One,2023-Q1,849,26.53125
6548192,American Express,2023-Q1,365,4.5625
6550486,American Express,2023-Q1,365,4.5625
6550871,American Express,2023-Q1,365,4.5625
6551560,Capital One,2023-Q1,849,26.53125
6554587,Capital One,2023-Q1,849,26.53125
6554594,Capital One,2023-Q1,849,26.53125
6554731,American Express,2023-Q1,365,4.5625
6554888,American Express,2023-Q1,365,4.5625
6555527,Bank of America,2023-Q1,407,12.71875
6557176,Bank of America,2023-Q1,407,12.71875
6559524,Chase,2023-Q1,539,8.983333333333333
6560169,Synchrony,2023-Q1,544,17.0
6562027,American Express,2023-Q1,365,4.5625
6563618,Citi,2023-Q1,602,18.8125
6564160,Chase,2023-Q1,539,8.983333333333333
6564702,Bank of America,2023-Q1,407,12.71875
6566036,Chase,2023-Q1,539,8.983333333333333
6569805,American Express,2023-Q1,365,4.5625
6570240,Discover,2023-Q1,250,7.8125
6570753,American Express,2023-Q1,365,4.5625
6572309,American Express,2023-Q1,365,4.5625
6572403,Chase,2023-Q1,539,8.983333333333333
6572604,Chase,2023-Q1,539,8.983333333333333
6572729,American Express,2023-Q1,365,4.5625
6573971,Capital One,2023-Q1,849,26.53125
6576278,Citi,2023-Q1,602,18.8125
6580089,Capital One,2023-Q1,849,26.53125
6580193,Synchrony,2023-Q1,544,17.0
6585069,Citi,2023-Q1,602,18.8125
6587394,American Express,2023-Q1,365,4.5625
6587670,Discover,2023-Q1,250,7.8125
6588858,Synchrony,2023-Q1,544,17.0
6590574,Synchrony,2023-Q1,544,17.0
6590869,American Express,2023-Q1,365,4.5625
6591278,American Express,2023-Q1,365,4.5625
6595960,Synchrony,2023-Q1,544,17.0
6596935,American Express,2023-Q1,365,4.5625
6598148,Capital One,2023-Q1,849,26.53125
6600013,American Express,2023-Q1,365,4.5625
6600872,Discover,2023-Q1,250,7.8125
6602305,Bank of America,2023-Q1,407,12.71875
6602823,Citi,2023-Q1,602,18.8125
6605938,American Express,2023-Q1,365,4.5625
6607281,Chase,2023-Q1,539,8.983333333333333
6607487,American Express,2023-Q1,365,4.5625
6607772,Chase,2023-Q1,539,8.983333333333333
6609773,American Express,2023-Q1,365,4.5625
6610872,Synchrony,2023-Q1,544,17.0
6611996,Chase,2023-Q1,539,8.983333333333333
6612312,Bank of America,2023-Q1,407,12.71875
6615674,Capital One,2023-Q1,849,26.53125
6615845,American Express,2023-Q1,365,4.5625
6616002,Synchrony,2023-Q1,544,17.0
6619446,Citi,2023-Q1,602,18.8125
6620300,American Express,2023-Q1,365,4.5625
6621038,Citi,2023-Q1,602,18.8125
6621319,Citi,2023-Q1,602,18.8125
6623820,Bank of America,2023-Q1,407,12.71875
6628124,American Express,2023-Q1,365,4.5625
6628395,Synchrony,2023-Q1,544,17.0
6630475,Discover,2023-Q1,250,7.8125
6632913,Chase,2023-Q1,539,8.983333333333333
6633388,Chase,2023-Q1,539,8.983333333333333
6637829,Synchrony,2023-Q1,544,17.0
6638082,Chase,2023-Q1,539,8.983333333333333
6639031,Citi,2023-Q1,602,18.8125
6641002,Chase,2023-Q1,539,8.983333333333333
6643192,American Express,2023-Q1,365,4.5625
6643326,Chase,2023-Q1,539,8.983333333333333
6646647,Chase,2023-Q1,539,8.983333333333333
6647073,Synchrony,2023-Q1,544,17.0
6648278,American Express,2023-Q1,365,4.5625
6649638,American Express,2023-Q1,365,4.5625
6650395,Discover,2023-Q1,250,7.8125
6653380,Bank of America,2023-Q1,407,12.71875
6654493,Synchrony,2023-Q1,544,17.0
6655980,Discover,2023-Q1,250,7.8125
6656658,Bank of America,2023-Q1,407,12.71875
6658747,Bank of America,2023-Q1,407,12.71875
6658911,Synchrony,2023-Q1,544,17.0
6660671,Chase,2023-Q1,539,8.983333333333333
6661272,Bank of America,2023-Q1,407,12.71875
6664074,American Express,2023-Q1,365,4.5625
6666870,Citi,2023-Q1,602,18.8125
6668005,Bank of America,2023-Q1,407,12.71875
6668976,American Express,2023-Q1,365,4.5625
6673307,Chase,2023-Q1,539,8.983333333333333
6674075,Chase,2023-Q1,539,8.983333333333333
6675483,Bank of America,2023-Q1,407,12.71875
6675727,Chase,2023-Q1,539,8.983333333333333
6679572,Chase,2023-Q1,539,8.983333333333333
6680607,American Express,2023-Q1,365,4.5625
6681064,Discover,2023-Q1,250,7.8125
6681148,American Express,2023-Q1,365,4.5625
6681185,Chase,2023-Q1,539,8.983333333333333
6683169,American Express,2023-Q1,365,4.5625
6683637,Chase,2023-Q1,539,8.983333333333333
6686513,Bank of America,2023-Q1,407,12.71875
6687689,American Express,2023-Q1,365,4.5625
6689421,Synchrony,2023-Q1,544,17.0
6689662,American Express,2023-Q1,365,4.5625
6689966,Citi,2023-Q1,602,18.8125
6692674,Bank of America,2023-Q1,407,12.71875
6694456,American Express,2023-Q1,365,4.5625
6695818,Capital One,2023-Q1,849,26.53125
6696216,Capital One,2023-Q1,849,26.53125
6697405,Citi,2023-Q1,602,18.8125
6700395,Chase,2023-Q1,539,8.983333333333333
6700601,Chase,2023-Q1,539,8.983333333333333
6704756,Discover,2023-Q1,250,7.8125
6706078,American Express,2023-Q1,365,4.5625
6706210,American Express,2023-Q1,365,4.5625
6708806,Chase,2023-Q1,539,8.983333333333333
6710139,Capital One,2023-Q1,849,26.53125
6711366,American Express,2023-Q1,365,4.5625
6714241,Capital One,2023-Q1,849,26.53125
6714680,American Express,2023-Q1,365,4.5625
6715078,Synchrony,2023-Q1,544,17.0
6715091,American Express,2023-Q1,365,4.5625
6715543,Citi,2023-Q1,602,18.8125
6716130,Discover,2023-Q1,250,7.8125
6718775,Chase,2023-Q1,539,8.983333333333333
6721374,Capital One,2023-Q1,849,26.53125
6721495,Citi,2023-Q1,602,18.8125
6725006,Chase,2023-Q1,539,8.983333333333333
6726301,Capital One,2023-Q1,849,26.53125
6728037,Synchrony,2023-Q1,544,17.0
6732494,Bank of America,2023-Q1,407,12.71875
6733278,Discover,2023-Q1,250,7.8125
6735558,Synchrony,2023-Q1,544,17.0
6737734,Bank of America,2023-Q1,407,12.71875
6738439,American Express,2023-Q1,365,4.5625
6740487,Synchrony,2023-Q1,544,17.0
6743680,Chase,2023-Q1,539,8.983333333333333
6746059,Bank of America,2023-Q1,407,12.71875
6748018,American Express,2023-Q1,365,4.5625
6749735,Chase,2023-Q1,539,8.983333333333333
6750036,Synchrony,2023-Q1,544,17.0
6752088,Bank of America,2023-Q1,407,12.71875
6752321,Discover,2023-Q1,250,7.8125
6754887,American Express,2023-Q1,365,4.5625
6755206,American Express,2023-Q1,365,4.5625
6757883,American Express,2023-Q1,365,4.5625
6759139,Discover,2023-Q1,250,7.8125
6759505,Discover,2023-Q1,250,7.8125
6760330,Bank of America,2023-Q1,407,12.71875
6761367,Bank of America,2023-Q1,407,12.71875
6762819,American Express,2023-Q1,365,4.5625
6763279,American Express,2023-Q1,365,4.5625
6763280,Synchrony,2023-Q1,544,17.0
6765703,American Express,2023-Q1,365,4.5625
6765725,Citi,2023-Q1,602,18.8125
6765785,Bank of America,2023-Q1,407,12.71875
6767875,Discover,2023-Q2,241,7.53125
6768277,American Express,2023-Q2,404,5.05
6770019,Chase,2023-Q1,539,8.983333333333333
6773996,American Express,2023-Q1,365,4.5625
6775166,Capital One,2023-Q1,849,26.53125
6776200,Bank of America,2023-Q1,407,12.71875
6778674,Discover,2023-Q1,250,7.8125
6778995,Discover,2023-Q1,250,7.8125
6779086,Chase,2023-Q1,539,8.983333333333333
6779929,Chase,2023-Q1,539,8.983333333333333
6780693,American Express,2023-Q1,365,4.5625
6780968,Chase,2023-Q1,539,8.983333333333333
6782810,Chase,2023-Q2,474,7.9
6784890,Capital One,2023-Q2,766,23.9375
6786724,Chase,2023-Q2,474,7.9
6786882,American Express,2023-Q2,404,5.05
6786949,Capital One,2023-Q2,766,23.9375
6787547,Citi,2023-Q2,595,18.59375
6791185,Synchrony,2023-Q2,516,16.125
6791873,Chase,2023-Q2,474,7.9
6792435,Bank of America,2023-Q2,337,10.53125
6796464,Synchrony,2023-Q2,516,16.125
6797181,Discover,2023-Q2,241,7.53125
6797883,Chase,2023-Q2,474,7.9
6798866,Bank of America,2023-Q2,337,10.53125
6799733,American Express,2023-Q2,404,5.05
6800862,Capital One,2023-Q2,766,23.9375
6802426,Capital One,2023-Q2,766,23.9375
6804651,Discover,2023-Q2,241,7.53125
6805373,American Express,2023-Q2,404,5.05
6807359,American Express,2023-Q2,404,5.05
6807851,Bank of America,2023-Q2,337,10.53125
6808796,Citi,2023-Q2,595,18.59375
6809176,Discover,2023-Q2,241,7.53125
6809327,Bank of America,2023-Q2,337,10.53125
6813091,Discover,2023-Q2,241,7.53125
6813309,Bank of America,2023-Q2,337,10.53125
6816846,Discover,2023-Q2,241,7.53125
6818579,Citi,2023-Q2,595,18.59375
6823300,American Express,2023-Q2,404,5.05
6824041,Chase,2023-Q2,474,7.9
6824276,American Express,2023-Q2,404,5.05
6824461,Bank of America,2023-Q2,337,10.53125
6826517,American Express,2023-Q2,404,5.05
6827661,American Express,2023-Q2,404,5.05
6828090,American Express,2023-Q2,404,5.05
6828658,Chase,2023-Q2,474,7.9
6830541,American Express,2023-Q2,404,5.05
6831534,Chase,2023-Q2,474,7.9
6832852,Bank of America,2023-Q2,337,10.53125
6833197,American Express,2023-Q2,404,5.05
6836335,Bank of America,2023-Q2,337,10.53125
6836337,Chase,2023-Q2,474,7.9
6837078,Bank of America,2023-Q2,337,10.53125
6837291,Discover,2023-Q2,241,7.53125
6840377,Citi,2023-Q2,595,18.59375
6840885,Discover,2023-Q2,241,7.53125
6840994,Bank of America,2023-Q2,337,10.53125
6841804,Synchrony,2023-Q2,516,16.125
6842848,Chase,2023-Q2,474,7.9
6843511,American Express,2023-Q2,404,5.05
6847312,American Express,2023-Q2,404,5.05
6847998,Synchrony,2023-Q2,516,16.125
6848006,American Express,2023-Q2,404,5.05
6856261,Discover,2023-Q2,241,7.53125
6857666,Discover,2023-Q2,241,7.53125
6859211,American Express,2023-Q2,404,5.05
6862394,Chase,2023-Q2,474,7.9
6863898,Chase,2023-Q2,474,7.9
6864257,American Express,2023-Q2,404,5.05
6864323,Capital One,2023-Q2,766,23.9375
6867589,Synchrony,2023-Q2,516,16.125
6869827,Chase,2023-Q2,474,7.9
6872348,Discover,2023-Q2,241,7.53125
6874311,American Express,2023-Q2,404,5.05
6874652,Bank of America,2023-Q2,337,10.53125
6876656,Chase,2023-Q2,474,7.9
6882224,American Express,2023-Q2,404,5.05
6887472,Chase,2023-Q2,474,7.9
6888069,Citi,2023-Q2,595,18.59375
6888778,Capital One,2023-Q2,766,23.9375
6889967,Bank of America,2023-Q2,337,10.53125
6890929,Citi,2023-Q2,595,18.59375
6893536,Bank of America,2023-Q2,337,10.53125
6894533,American Express,2023-Q2,404,5.05
6895185,Capital One,2023-Q2,766,23.9375
6896661,Capital One,2023-Q2,766,23.9375
6898008,Bank of America,2023-Q2,337,10.53125
6898056,Chase,2023-Q2,474,7.9
6899811,Chase,2023-Q2,474,7.9
6908663,Discover,2023-Q2,241,7.53125
6912721,Citi,2023-Q2,595,18.59375
6914392,Citi,2023-Q2,595,18.59375
6917748,Synchrony,2023-Q2,516,16.125
6917777,Capital One,2023-Q2,766,23.9375
6919349,Discover,2023-Q2,241,7.53125
6919689,Citi,2023-Q2,595,18.59375
6920656,Synchrony,2023-Q2,516,16.125
6920726,American Express,2023-Q2,404,5.05
6920784,American Express,2023-Q2,404,5.05
6921133,Chase,2023-Q2,474,7.9
6922021,Capital One,2023-Q2,766,23.9375
6922233,Citi,2023-Q2,595,18.59375
6926172,Chase,2023-Q2,474,7.9
6926325,Discover,2023-Q2,241,7.53125
6927231,Citi,2023-Q2,595,18.59375
6927736,American Express,2023-Q2,404,5.05
6928429,American Express,2023-Q2,404,5.05
6930339,Chase,2023-Q2,474,7.9
6930603,Capital One,2023-Q2,766,23.9375
6930997,Citi,2023-Q2,595,18.59375
6931450,Synchrony,2023-Q2,516,16.125
6934298,Bank of America,2023-Q2,337,10.53125
6936425,Synchrony,2023-Q2,516,16.125
6936519,Discover,2023-Q2,241,7.53125
6936591,Capital One,2023-Q2,766,23.9375
6937945,Chase,2023-Q2,474,7.9
6944477,Capital One,2023-Q2,766,23.9375
6946884,Chase,2023-Q2,474,7.9
6947378,Chase,2023-Q2,474,7.9
6948021,American Express,2023-Q2,404,5.05
6949393,American Express,2023-Q2,404,5.05
6954532,American Express,2023-Q2,404,5.05
6954746,Bank of America,2023-Q2,337,10.53125
6955984,American Express,2023-Q2,404,5.05
6958119,Discover,2023-Q2,241,7.53125
6958247,American Express,2023-Q2,404,5.05
6960504,Chase,2023-Q2,474,7.9
6961771,Chase,2023-Q2,474,7.9
6963541,Bank of America,2023-Q2,337,10.53125
6963871,American Express,2023-Q2,404,5.05
6964218,American Express,2023-Q2,404,5.05
6964559,Discover,2023-Q2,241,7.53125
6964669,Chase,2023-Q2,474,7.9
6964878,Chase,2023-Q2,474,7.9
6965014,Capital One,2023-Q2,766,23.9375
6965448,American Express,2023-Q2,404,5.05
6966260,Synchrony,2023-Q2,516,16.125
6966624,Chase,2023-Q2,474,7.9
6968944,American Express,2023-Q2,404,5.05
6969666,Capital One,2023-Q2,766,23.9375
6970248,American Express,2023-Q2,404,5.05
6971579,American Express,2023-Q2,404,5.05
6971981,Capital One,2023-Q2,766,23.9375
6972410,Synchrony,2023-Q2,516,16.125
6972433,American Express,2023-Q2,404,5.05
6976273,Capital One,2023-Q2,766,23.9375
6978300,American Express,2023-Q2,404,5.05
6978715,Discover,2023-Q2,241,7.53125
6979094,American Express,2023-Q2,404,5.05
6982763,American Express,2023-Q2,404,5.05
6984226,American Express,2023-Q2,404,5.05
6985495,Synchrony,2023-Q2,516,16.125
6986188,Discover,2023-Q2,241,7.53125
6987663,Capital One,2023-Q2,766,23.9375
6989001,American Express,2023-Q2,404,5.05
6989290,American Express,2023-Q2,404,5.05
6989906,American Express,2023-Q2,404,5.05
6990878,Capital One,2023-Q2,766,23.9375
6992290,Bank of America,2023-Q2,337,10.53125
6993255,Chase,2023-Q2,474,7.9
6993640,Citi,2023-Q2,595,18.59375
6997623,Bank of America,2023-Q2,337,10.53125
7001090,Bank of America,2023-Q2,337,10.53125
7004619,Synchrony,2023-Q2,516,16.125
7004664,Citi,2023-Q2,595,18.59375
7008046,Bank of America,2023-Q2,337,10.53125
7008548,Citi,2023-Q2,595,18.59375
7009660,American Express,2023-Q2,404,5.05
7010486,Chase,2023-Q2,474,7.9
7010682,Bank of America,2023-Q2,337,10.53125
7012435,American Express,2023-Q2,404,5.05
7016866,American Express,2023-Q2,404,5.05
7019814,Citi,2023-Q2,595,18.59375
7021304,American Express,2023-Q2,404,5.05
7024683,American Express,2023-Q2,404,5.05
7024855,Discover,2023-Q2,241,7.53125
7027060,Synchrony,2023-Q2,516,16.125
7028350,Chase,2023-Q2,474,7.9
7029559,American Express,2023-Q2,404,5.05
7030036,Discover,2023-Q2,241,7.53125
7030992,Citi,2023-Q2,595,18.59375
7035377,American Express,2023-Q2,404,5.05
7036777,Chase,2023-Q2,474,7.9
7037389,American Express,2023-Q2,404,5.05
7037701,Chase,2023-Q2,474,7.9
7038682,American Express,2023-Q2,404,5.05
7039025,Discover,2023-Q2,241,7.53125
7039076,Bank of America,2023-Q2,337,10.53125
7039888,American Express,2023-Q2,404,5.05
7046808,Capital One,2023-Q2,766,23.9375
7049850,American Express,2023-Q2,404,5.05
7052971,Bank of America,2023-Q2,337,10.53125
7053169,Citi,2023-Q2,595,18.59375
7053816,Citi,2023-Q2,595,18.59375
7054055,Synchrony,2023-Q2,516,16.125
7059956,American Express,2023-Q2,404,5.05
7060075,Chase,2023-Q2,474,7.9
7061629,American Express,2023-Q2,404,5.05
7062448,Chase,2023-Q2,474,7.9
7062869,American Express,2023-Q2,404,5.05
7063460,American Express,2023-Q2,404,5.05
7063857,Chase,2023-Q2,474,7.9
7066070,Synchrony,2023-Q2,516,16.125
7066213,American Express,2023-Q2,404,5.05
7069267,Synchrony,2023-Q2,516,16.125
7071210,Chase,2023-Q2,474,7.9
7071970,American Express,2023-Q2,404,5.05
7075617,Bank of America,2023-Q2,337,10.53125
7077786,Capital One,2023-Q2,766,23.9375
7078848,Bank of America,2023-Q2,337,10.53125
7079515,Discover,2023-Q2,241,7.53125
7079896,Synchrony,2023-Q2,516,16.125
7080179,Bank of America,2023-Q2,337,10.53125
7080402,American Express,2023-Q2,404,5.05
7082533,Bank of America,2023-Q2,337,10.53125
7083590,Bank of America,2023-Q2,337,10.53125
7083997,Capital One,2023-Q2,766,23.9375
7086467,Citi,2023-Q2,595,18.59375
7091268,Synchrony,2023-Q2,516,16.125
7091934,Capital One,2023-Q2,766,23.9375
7092890,Discover,2023-Q2,241,7.53125
7094134,Discover,2023-Q2,241,7.53125
7097184,American Express,2023-Q2,404,5.05
7097348,Chase,2023-Q2,474,7.9
7097545,Chase,2023-Q2,474,7.9
7097610,Synchrony,2023-Q2,516,16.125
7098835,Synchrony,2023-Q2,516,16.125
7098984,Capital One,2023-Q2,766,23.9375
7099746,Synchrony,2023-Q2,516,16.125
7099909,American Express,2023-Q2,404,5.05
7100710,American Express,2023-Q2,404,5.05
7102522,American Express,2023-Q2,404,5.05
7105293,American Express,2023-Q2,404,5.05
7106548,Chase,2023-Q2,474,7.9
7109294,Chase,2023-Q2,474,7.9
7110800,Citi,2023-Q2,595,18.59375
7111301,Chase,2023-Q2,474,7.9
7111355,Capital One,2023-Q2,766,23.9375
7112830,Chase,2023-Q2,474,7.9
7112961,American Express,2023-Q2,404,5.05
7113009,Citi,2023-Q2,595,18.59375
7113430,American Express,2023-Q2,404,5.05
7113738,Synchrony,2023-Q2,516,16.125
7113937,Discover,2023-Q2,241,7.53125
7114067,Chase,2023-Q2,474,7.9
7117963,Citi,2023-Q2,595,18.59375
7118415,Synchrony,2023-Q2,516,16.125
7119295,American Express,2023-Q2,404,5.05
7121832,American Express,2023-Q2,404,5.05
7122909,Bank of America,2023-Q2,337,10.53125
7124215,Capital One,2023-Q2,766,23.9375
7128334,Capital One,2023-Q2,766,23.9375
7128983,Chase,2023-Q2,474,7.9
7129188,Chase,2023-Q2,474,7.9
7131129,American Express,2023-Q2,404,5.05
7132204,Capital One,2023-Q2,766,23.9375
7133860,Chase,2023-Q2,474,7.9
7135074,Citi,2023-Q2,595,18.59375
7135664,Chase,2023-Q2,474,7.9
7136488,Citi,2023-Q2,595,18.59375
7136596,Chase,2023-Q2,474,7.9
7136715,American Express,2023-Q2,404,5.05
7138476,Citi,2023-Q2,595,18.59375
7138599,Chase,2023-Q2,474,7.9
7138977,Chase,2023-Q2,474,7.9
7142964,American Express,2023-Q2,404,5.05
7148634,Capital One,2023-Q2,766,23.9375
7149737,American Express,2023-Q2,404,5.05
7152286,Synchrony,2023-Q2,516,16.125
7152618,Chase,2023-Q2,474,7.9
7153534,Citi,2023-Q2,595,18.59375
7153607,Discover,2023-Q2,241,7.53125
7153627,American Express,2023-Q2,404,5.05
7154541,Chase,2023-Q2,474,7.9
7155797,Chase,2023-Q2,474,7.9
7156146,Bank of America,2023-Q2,337,10.53125
7156381,Chase,2023-Q2,474,7.9
7156438,Discover,2023-Q2,241,7.53125
7157922,Discover,2023-Q2,241,7.53125
7158614,Synchrony,2023-Q2,516,16.125
7160329,Synchrony,2023-Q2,516,16.125
7160816,Capital One,2023-Q2,766,23.9375
7160831,Discover,2023-Q2,241,7.53125
7162700,Citi,2023-Q2,595,18.59375
7163558,American Express,2023-Q2,404,5.05
7167902,American Express,2023-Q2,404,5.05
7169050,Chase,2023-Q2,474,7.9
7169057,Chase,2023-Q2,474,7.9
7171967,American Express,2023-Q2,404,5.05
7172018,Synchrony,2023-Q2,516,16.125
7172450,Bank of America,2023-Q2,337,10.53125
7172553,Capital One,2023-Q2,766,23.9375
7176596,Chase,2023-Q2,474,7.9
7178023,Chase,2023-Q2,474,7.9
7178400,American Express,2023-Q2,404,5.05
7179270,Chase,2023-Q2,474,7.9
7179617,Synchrony,2023-Q2,516,16.125
7180211,American Express,2023-Q2,404,5.05
7182201,Synchrony,2023-Q2,516,16.125
7182396,Synchrony,2023-Q2,516,16.125
7182698,Citi,2023-Q2,595,18.59375
7183775,Discover,2023-Q3,276,8.625
7186788,American Express,2023-Q3,447,5.5875
7189401,Discover,2023-Q2,241,7.53125
7190132,Citi,2023-Q2,595,18.59375
7190457,Citi,2023-Q2,595,18.59375
7190696,Chase,2023-Q2,474,7.9
7194471,Citi,2023-Q2,595,18.59375
7194608,Synchrony,2023-Q2,516,16.125
7194870,Capital One,2023-Q2,766,23.9375
7195268,Discover,2023-Q2,241,7.53125
7196307,Capital One,2023-Q3,863,26.96875
7200185,Chase,2023-Q3,648,10.8
7200459,American Express,2023-Q3,447,5.5875
7204100,Citi,2023-Q3,691,21.59375
7206570,Capital One,2023-Q3,863,26.96875
7212541,American Express,2023-Q3,447,5.5875
7213086,Chase,2023-Q3,648,10.8
7214128,Capital One,2023-Q3,863,26.96875
7214170,Capital One,2023-Q3,863,26.96875
7216511,American Express,2023-Q3,447,5.5875
7218517,American Express,2023-Q3,447,5.5875
7218708,American Express,2023-Q3,447,5.5875
7219315,Citi,2023-Q3,691,21.59375
7219506,Chase,2023-Q3,648,10.8
7223243,Synchrony,2023-Q3,580,18.125
7223754,Discover,2023-Q3,276,8.625
7224952,Discover,2023-Q3,276,8.625
7225111,Chase,2023-Q3,648,10.8
7231129,Synchrony,2023-Q3,580,18.125
7235253,Bank of America,2023-Q3,540,16.875
7235604,American Express,2023-Q3,447,5.5875
7235856,Chase,2023-Q3,648,10.8
7236155,Synchrony,2023-Q3,580,18.125
7236178,American Express,2023-Q3,447,5.5875
7237164,Discover,2023-Q3,276,8.625
7237187,American Express,2023-Q3,447,5.5875
7237195,Bank of America,2023-Q3,540,16.875
7239949,Bank of America,2023-Q3,540,16.875
7241486,Chase,2023-Q3,648,10.8
7241969,Bank of America,2023-Q3,540,16.875
7242476,American Express,2023-Q3,447,5.5875
7242915,American Express,2023-Q3,447,5.5875
7244717,Synchrony,2023-Q3,580,18.125
7246626,Chase,2023-Q3,648,10.8
7247250,American Express,2023-Q3,447,5.5875
7249530,Chase,2023-Q3,648,10.8
7250703,Capital One,2023-Q3,863,26.96875
7251576,Capital One,2023-Q3,863,26.96875
7251786,Synchrony,2023-Q3,580,18.125
7252822,Discover,2023-Q3,276,8.625
7253448,Citi,2023-Q3,691,21.59375
7254677,Discover,2023-Q3,276,8.625
7254924,American Express,2023-Q3,447,5.5875
7254958,American Express,2023-Q3,447,5.5875
7257271,Bank of America,2023-Q3,540,16.875
7257296,Bank of America,2023-Q3,540,16.875
7257451,Bank of America,2023-Q3,540,16.875
7257672,Bank of America,2023-Q3,540,16.875
7258164,Capital One,2023-Q3,863,26.96875
7259600,Chase,2023-Q3,648,10.8
7259643,American Express,2023-Q3,447,5.5875
7260179,Synchrony,2023-Q3,580,18.125
7261881,American Express,2023-Q3,447,5.5875
7262977,Chase,2023-Q3,648,10.8
7264331,Discover,2023-Q3,276,8.625
7267864,American Express,2023-Q3,447,5.5875
7268007,Citi,2023-Q3,691,21.59375
7269516,Chase,2023-Q3,648,10.8
7270895,American Express,2023-Q3,447,5.5875
7271896,Citi,2023-Q3,691,21.59375
7273352,Citi,2023-Q3,691,21.59375
7274387,Chase,2023-Q3,648,10.8
7275698,Discover,2023-Q3,276,8.625
7276004,Capital One,2023-Q3,863,26.96875
7277212,American Express,2023-Q3,447,5.5875
7279427,Chase,2023-Q3,648,10.8
7281149,Capital One,2023-Q3,863,26.96875
7281218,Discover,2023-Q3,276,8.625
7282108,Citi,2023-Q3,691,21.59375
7282284,Synchrony,2023-Q3,580,18.125
7282521,Capital One,2023-Q3,863,26.96875
7282960,Bank of America,2023-Q3,540,16.875
7283048,Bank of America,2023-Q3,540,16.875
7286060,Citi,2023-Q3,691,21.59375
7288400,American Express,2023-Q3,447,5.5875
7289568,Bank of America,2023-Q3,540,16.875
7290908,Chase,2023-Q3,648,10.8
7291102,Discover,2023-Q3,276,8.625
7294073,American Express,2023-Q3,447,5.5875
7295566,Discover,2023-Q3,276,8.625
7297920,Citi,2023-Q3,691,21.59375
7301248,Capital One,2023-Q3,863,26.96875
7303387,American Express,2023-Q3,447,5.5875
7306041,Capital One,2023-Q3,863,26.96875
7309043,American Express,2023-Q3,447,5.5875
7309954,Discover,2023-Q3,276,8.625
7313088,American Express,2023-Q3,447,5.5875
7313652,American Express,2023-Q3,447,5.5875
7318416,Bank of America,2023-Q3,540,16.875
7321529,Chase,2023-Q3,648,10.8
7322192,Chase,2023-Q3,648,10.8
7323046,Chase,2023-Q3,648,10.8
7324234,Synchrony,2023-Q3,580,18.125
7328126,Citi,2023-Q3,691,21.59375
7329349,Chase,2023-Q3,648,10.8
7329435,Synchrony,2023-Q3,580,18.125
7330037,Citi,2023-Q3,691,21.59375
7331796,Synchrony,2023-Q3,580,18.125
7331873,American Express,2023-Q3,447,5.5875
7331966,Capital One,2023-Q3,863,26.96875
7333164,Chase,2023-Q3,648,10.8
7333175,Discover,2023-Q3,276,8.625
7337275,Citi,2023-Q3,691,21.59375
7340075,Bank of America,2023-Q3,540,16.875
7342540,Chase,2023-Q3,648,10.8
7347587,Chase,2023-Q3,648,10.8
7349289,Synchrony,2023-Q3,580,18.125
7351666,American Express,2023-Q3,447,5.5875
7353591,Citi,2023-Q3,691,21.59375
7353690,American Express,2023-Q3,447,5.5875
7353928,Bank of America,2023-Q3,540,16.875
7354205,American Express,2023-Q3,447,5.5875
7354505,Chase,2023-Q3,648,10.8
7356945,Citi,2023-Q3,691,21.59375
7357317,American Express,2023-Q3,447,5.5875
7366141,Citi,2023-Q3,691,21.59375
7366599,Citi,2023-Q3,691,21.59375
7367229,Citi,2023-Q3,691,21.59375
7367376,Synchrony,2023-Q3,580,18.125
7367420,Chase,2023-Q3,648,10.8
7368249,American Express,2023-Q3,447,5.5875
7369186,Chase,2023-Q3,648,10.8
7371124,American Express,2023-Q3,447,5.5875
7375282,American Express,2023-Q3,447,5.5875
7375503,Chase,2023-Q3,648,10.8
7377439,Citi,2023-Q3,691,21.59375
7379979,American Express,2023-Q3,447,5.5875
7382618,American Express,2023-Q3,447,5.5875
7388290,Citi,2023-Q3,691,21.59375
7389079,Discover,2023-Q3,276,8.625
7391322,Chase,2023-Q3,648,10.8
7392349,American Express,2023-Q3,447,5.5875
7392387,Chase,2023-Q3,648,10.8
7393225,Discover,2023-Q3,276,8.625
7393648,American Express,2023-Q3,447,5.5875
7395145,Discover,2023-Q3,276,8.625
7395192,Chase,2023-Q3,648,10.8
7395808,American Express,2023-Q3,447,5.5875
7404343,Capital One,2023-Q3,863,26.96875
7404835,American Express,2023-Q3,447,5.5875
7404873,American Express,2023-Q3,447,5.5875
7405949,Chase,2023-Q3,648,10.8
7407647,Synchrony,2023-Q3,580,18.125
7408606,Discover,2023-Q3,276,8.625
7410956,Synchrony,2023-Q3,580,18.125
7411767,Bank of America,2023-Q3,540,16.875
7412147,Capital One,2023-Q3,863,26.96875
7412401,Bank of America,2023-Q3,540,16.875
7412936,Synchrony,2023-Q3,580,18.125
7413363,Chase,2023-Q3,648,10.8
7416851,Bank of America,2023-Q3,540,16.875
7422043,Capital One,2023-Q3,863,26.96875
7423556,Synchrony,2023-Q3,580,18.125
7426408,Discover,2023-Q3,276,8.625
7426431,Discover,2023-Q3,276,8.625
7428799,American Express,2023-Q3,447,5.5875
7432894,Chase,2023-Q3,648,10.8
7434617,Bank of America,2023-Q3,540,16.875
7438644,American Express,2023-Q3,447,5.5875
7441573,Synchrony,2023-Q3,580,18.125
7442827,Capital One,2023-Q3,863,26.96875
7444005,Discover,2023-Q3,276,8.625
7447142,Chase,2023-Q3,648,10.8
7447160,Chase,2023-Q3,648,10.8
7447332,Chase,2023-Q3,648,10.8
7450504,American Express,2023-Q3,447,5.5875
7450669,Capital One,2023-Q3,863,26.96875
7450987,American Express,2023-Q3,447,5.5875
7453081,Bank of America,2023-Q3,540,16.875
7453734,Synchrony,2023-Q3,580,18.125
7453838,Capital One,2023-Q3,863,26.96875
7455219,Citi,2023-Q3,691,21.59375
7455412,Capital One,2023-Q3,863,26.96875
7457881,Discover,2023-Q3,276,8.625
7458669,Chase,2023-Q3,648,10.8
7462007,Chase,2023-Q3,648,10.8
7463886,American Express,2023-Q3,447,5.5875
7464133,Chase,2023-Q3,648,10.8
7465111,Synchrony,2023-Q3,580,18.125
7465846,Chase,2023-Q3,648,10.8
7466037,Discover,2023-Q3,276,8.625
7466040,American Express,2023-Q3,447,5.5875
7466046,Discover,2023-Q3,276,8.625
7468353,Chase,2023-Q3,648,10.8
7469367,Chase,2023-Q3,648,10.8
7469430,Bank of America,2023-Q3,540,16.875
7473638,Capital One,2023-Q3,863,26.96875
7475148,Chase,2023-Q3,648,10.8
7475743,Chase,2023-Q3,648,10.8
7475766,Discover,2023-Q3,276,8.625
7478215,Capital One,2023-Q3,863,26.96875
7479870,Synchrony,2023-Q3,580,18.125
7482647,Synchrony,2023-Q3,580,18.125
7484533,American Express,2023-Q3,447,5.5875
7486595,Synchrony,2023-Q3,580,18.125
7488529,Bank of America,2023-Q3,540,16.875
7491468,Synchrony,2023-Q3,580,18.125
7492614,Discover,2023-Q3,276,8.625
7494851,American Express,2023-Q3,447,5.5875
7494993,American Express,2023-Q3,447,5.5875
7498669,Bank of America,2023-Q3,540,16.875
7498809,American Express,2023-Q3,447,5.5875
7499564,American Express,2023-Q3,447,5.5875
7500570,Synchrony,2023-Q3,580,18.125
7501683,Bank of America,2023-Q3,540,16.875
7503618,Capital One,2023-Q3,863,26.96875
7504623,Citi,2023-Q3,691,21.59375
7505397,Bank of America,2023-Q3,540,16.875
7508809,Bank of America,2023-Q3,540,16.875
7515146,Chase,2023-Q3,648,10.8
7518713,American Express,2023-Q3,447,5.5875
7520380,Capital One,2023-Q3,863,26.96875
7523039,American Express,2023-Q3,447,5.5875
7523075,Discover,2023-Q3,276,8.625
7523090,American Express,2023-Q3,447,5.5875
7524045,American Express,2023-Q3,447,5.5875
7524058,Discover,2023-Q3,276,8.625
7524589,Citi,2023-Q3,691,21.59375
7524779,Bank of America,2023-Q3,540,16.875
7524994,Bank of America,2023-Q3,540,16.875
7525136,Citi,2023-Q3,691,21.59375
7528025,American Express,2023-Q3,447,5.5875
7528433,American Express,2023-Q3,447,5.5875
7529552,American Express,2023-Q3,447,5.5875
7531100,American Express,2023-Q3,447,5.5875
7531156,Chase,2023-Q3,648,10.8
7531996,American Express,2023-Q3,447,5.5875
7532977,Synchrony,2023-Q3,580,18.125
7533366,Bank of America,2023-Q3,540,16.875
7533709,Citi,2023-Q3,691,21.59375
7533994,Synchrony,2023-Q3,580,18.125
7536276,American Express,2023-Q3,447,5.5875
7538169,American Express,2023-Q3,447,5.5875
7541131,Chase,2023-Q3,648,10.8
7543080,Citi,2023-Q3,691,21.59375
7543252,American Express,2023-Q3,447,5.5875
7546906,Discover,2023-Q3,276,8.625
7547298,Chase,2023-Q3,648,10.8
7548348,Capital One,2023-Q3,863,26.96875
7550886,Chase,2023-Q3,648,10.8
7551007,Chase,2023-Q3,648,10.8
7552963,Synchrony,2023-Q3,580,18.125
7552987,Synchrony,2023-Q3,580,18.125
7553133,Capital One,2023-Q3,863,26.96875
7553341,Citi,2023-Q3,691,21.59375
7555277,Capital One,2023-Q3,863,26.96875
7557004,Discover,2023-Q3,276,8.625
7558368,Discover,2023-Q3,276,8.625
7559174,Synchrony,2023-Q3,580,18.125
7559392,American Express,2023-Q3,447,5.5875
7559537,American Express,2023-Q3,447,5.5875
7560052,American Express,2023-Q3,447,5.5875
7560286,Capital One,2023-Q3,863,26.96875
7560822,American Express,2023-Q3,447,5.5875
7563851,Citi,2023-Q3,691,21.59375
7567302,Chase,2023-Q3,648,10.8
7567442,Synchrony,2023-Q3,580,18.125
7567580,Chase,2023-Q3,648,10.8
7569658,American Express,2023-Q3,447,5.5875
7569994,American Express,2023-Q3,447,5.5875
7572879,American Express,2023-Q3,447,5.5875
7573249,Capital One,2023-Q3,863,26.96875
7573422,Chase,2023-Q3,648,10.8
7573639,Chase,2023-Q3,648,10.8
7574222,Chase,2023-Q3,648,10.8
7574470,Citi,2023-Q3,691,21.59375
7575676,American Express,2023-Q3,447,5.5875
7578672,Chase,2023-Q3,648,10.8
7579379,Bank of America,2023-Q3,540,16.875
7580102,Synchrony,2023-Q3,580,18.125
7583828,Discover,2023-Q3,276,8.625
7584197,Synchrony,2023-Q3,580,18.125
7585605,American Express,2023-Q3,447,5.5875
7585617,Chase,2023-Q3,648,10.8
7586418,Capital One,2023-Q3,863,26.96875
7586807,Chase,2023-Q3,648,10.8
7587916,Bank of America,2023-Q3,540,16.875
7591074,Citi,2023-Q3,691,21.59375
7591129,Citi,2023-Q3,691,21.59375
7591448,Citi,2023-Q3,691,21.59375
7594720,Discover,2023-Q3,276,8.625
7598932,American Express,2023-Q3,447,5.5875
7599104,Capital One,2023-Q3,863,26.96875
7600681,Citi,2023-Q3,691,21.59375
7603592,Capital One,2023-Q3,863,26.96875
7606475,American Express,2023-Q3,447,5.5875
7611589,American Express,2023-Q3,447,5.5875
7613056,American Express,2023-Q3,447,5.5875
7613213,Chase,2023-Q3,648,10.8
7618012,American Express,2023-Q3,447,5.5875
7622075,Citi,2023-Q4,727,22.71875
7622582,Citi,2023-Q4,727,22.71875
7622666,Chase,2023-Q4,801,13.35
7623283,Synchrony,2023-Q4,634,19.8125
7624033,Chase,2023-Q4,801,13.35
7624705,American Express,2023-Q4,498,6.225
7625321,American Express,2023-Q3,447,5.5875
7625780,Chase,2023-Q3,648,10.8
7626638,Citi,2023-Q4,727,22.71875
7626707,Chase,2023-Q4,801,13.35
7626797,Capital One,2023-Q4,897,28.03125
7628734,Bank of America,2023-Q3,540,16.875
7628867,American Express,2023-Q3,447,5.5875
7628889,American Express,2023-Q3,447,5.5875
7629459,Chase,2023-Q3,648,10.8
7631270,Bank of America,2023-Q3,540,16.875
7633129,American Express,2023-Q4,498,6.225
7635047,Bank of America,2023-Q4,412,12.875
7638877,Chase,2023-Q3,648,10.8
7640617,American Express,2023-Q4,498,6.225
7643560,Chase,2023-Q4,801,13.35
7643971,Capital One,2023-Q4,897,28.03125
7644203,Chase,2023-Q4,801,13.35
7646121,Synchrony,2023-Q4,634,19.8125
7649982,Discover,2023-Q4,313,9.78125
7650880,American Express,2023-Q4,498,6.225
7653223,Citi,2023-Q4,727,22.71875
7657835,Citi,2023-Q4,727,22.71875
7658284,Chase,2023-Q4,801,13.35
7659495,Discover,2023-Q4,313,9.78125
7660061,Chase,2023-Q4,801,13.35
7660073,Discover,2023-Q4,313,9.78125
7661234,Bank of America,2023-Q4,412,12.875
7661645,Discover,2023-Q4,313,9.78125
7662610,Synchrony,2023-Q4,634,19.8125
7663797,Citi,2023-Q4,727,22.71875
7663962,Chase,2023-Q4,801,13.35
7667094,American Express,2023-Q4,498,6.225
7668090,Chase,2023-Q4,801,13.35
7676379,American Express,2023-Q4,498,6.225
7679609,American Express,2023-Q4,498,6.225
7681107,Synchrony,2023-Q4,634,19.8125
7682615,Citi,2023-Q4,727,22.71875
7683135,Discover,2023-Q4,313,9.78125
7687391,Synchrony,2023-Q4,634,19.8125
7687679,Chase,2023-Q4,801,13.35
7687848,Capital One,2023-Q4,897,28.03125
7688275,Capital One,2023-Q4,897,28.03125
7688334,Bank of America,2023-Q4,412,12.875
7690128,Bank of America,2023-Q4,412,12.875
7690573,American Express,2023-Q4,498,6.225
7691587,Citi,2023-Q4,727,22.71875
7692644,Chase,2023-Q4,801,13.35
7694129,Chase,2023-Q4,801,13.35
7694297,Synchrony,2023-Q4,634,19.8125
7695896,Bank of America,2023-Q4,412,12.875
7696668,American Express,2023-Q4,498,6.225
7698075,Capital One,2023-Q4,897,28.03125
7703962,Citi,2023-Q4,727,22.71875
7704255,Chase,2023-Q4,801,13.35
7704338,Chase,2023-Q4,801,13.35
7709698,American Express,2023-Q4,498,6.225
7710526,American Express,2023-Q4,498,6.225
7711020,Chase,2023-Q4,801,13.35
7711731,Bank of America,2023-Q4,412,12.875
7713098,American Express,2023-Q4,498,6.225
7719729,Discover,2023-Q4,313,9.78125
7720289,Discover,2023-Q4,313,9.78125
7721295,American Express,2023-Q4,498,6.225
7722062,Capital One,2023-Q4,897,28.03125
7725040,American Express,2023-Q4,498,6.225
7727991,Discover,2023-Q4,313,9.78125
7728692,Synchrony,2023-Q4,634,19.8125
7730208,Discover,2023-Q4,313,9.78125
7731535,Bank of America,2023-Q4,412,12.875
7731717,Capital One,2023-Q4,897,28.03125
7732313,Chase,2023-Q4,801,13.35
7734208,Citi,2023-Q4,727,22.71875
7737893,Discover,2023-Q4,313,9.78125
7739843,Chase,2023-Q4,801,13.35
7741186,Bank of America,2023-Q4,412,12.875
7741786,Discover,2023-Q4,313,9.78125
7745054,Chase,2023-Q4,801,13.35
7745106,American Express,2023-Q4,498,6.225
7748206,Bank of America,2023-Q4,412,12.875
7748279,American Express,2023-Q4,498,6.225
7749998,Capital One,2023-Q4,897,28.03125
7752133,American Express,2023-Q4,498,6.225
7753636,Discover,2023-Q4,313,9.78125
7757086,Synchrony,2023-Q4,634,19.8125
7758222,Bank of America,2023-Q4,412,12.875
7758367,American Express,2023-Q4,498,6.225
7759374,Citi,2023-Q4,727,22.71875
7759467,American Express,2023-Q4,498,6.225
7759495,American Express,2023-Q4,498,6.225
7760737,Chase,2023-Q4,801,13.35
7763802,Bank of America,2023-Q4,412,12.875
7764066,Bank of America,2023-Q4,412,12.875
7764117,Chase,2023-Q4,801,13.35
7766420,Bank of America,2023-Q4,412,12.875
7768484,Synchrony,2023-Q4,634,19.8125
7769254,Capital One,2023-Q4,897,28.03125
7770387,Capital One,2023-Q4,897,28.03125
7774408,Synchrony,2023-Q4,634,19.8125
7774459,Chase,2023-Q4,801,13.35
7775286,Chase,2023-Q4,801,13.35
7775670,Synchrony,2023-Q4,634,19.8125
7776562,Citi,2023-Q4,727,22.71875
7776621,Chase,2023-Q4,801,13.35
7776724,Chase,2023-Q4,801,13.35
7776817,American Express,2023-Q4,498,6.225
7777387,Discover,2023-Q4,313,9.78125
7779938,Synchrony,2023-Q4,634,19.8125
7780172,Discover,2023-Q4,313,9.78125
7781588,Chase,2023-Q4,801,13.35
7782054,American Express,2023-Q4,498,6.225
7782251,American Express,2023-Q4,498,6.225
7783470,Citi,2023-Q4,727,22.71875
7783577,American Express,2023-Q4,498,6.225
7783678,American Express,2023-Q4,498,6.225
7784761,Bank of America,2023-Q4,412,12.875
7784885,American Express,2023-Q4,498,6.225
7785620,American Express,2023-Q4,498,6.225
7785781,American Express,2023-Q4,498,6.225
7789002,American Express,2023-Q4,498,6.225
7789073,American Express,2023-Q4,498,6.225
7791117,Citi,2023-Q4,727,22.71875
7793767,American Express,2023-Q4,498,6.225
7794057,Capital One,2023-Q4,897,28.03125
7794380,Discover,2023-Q4,313,9.78125
7795406,American Express,2023-Q4,498,6.225
7797276,Citi,2023-Q4,727,22.71875
7798923,American Express,2023-Q4,498,6.225
7799404,Chase,2023-Q4,801,13.35
7799614,Chase,2023-Q4,801,13.35
7800744,Citi,2023-Q4,727,22.71875
7801409,American Express,2023-Q4,498,6.225
7802144,Citi,2023-Q4,727,22.71875
7802874,American Express,2023-Q4,498,6.225
7808049,American Express,2023-Q4,498,6.225
7808601,Bank of America,2023-Q4,412,12.875
7810918,Capital One,2023-Q4,897,28.03125
7811760,Chase,2023-Q4,801,13.35
7814583,Citi,2023-Q4,727,22.71875
7818133,Chase,2023-Q4,801,13.35
7819000,Discover,2023-Q4,313,9.78125
7823727,American Express,2023-Q4,498,6.225
7826137,American Express,2023-Q4,498,6.225
7826282,American Express,2023-Q4,498,6.225
7827162,Chase,2023-Q4,801,13.35
7828195,Synchrony,2023-Q4,634,19.8125
7828834,Citi,2023-Q4,727,22.71875
7831820,Capital One,2023-Q4,897,28.03125
7842334,American Express,2023-Q4,498,6.225
7844071,Citi,2023-Q4,727,22.71875
7846493,Citi,2023-Q4,727,22.71875
7850524,Chase,2023-Q4,801,13.35
7851918,American Express,2023-Q4,498,6.225
7853620,Bank of America,2023-Q4,412,12.875
7857355,American Express,2023-Q4,498,6.225
7858346,American Express,2023-Q4,498,6.225
7859402,Citi,2023-Q4,727,22.71875
7861553,Discover,2023-Q4,313,9.78125
7867520,Synchrony,2023-Q4,634,19.8125
7868614,Discover,2023-Q4,313,9.78125
7868618,American Express,2023-Q4,498,6.225
7868626,Chase,2023-Q4,801,13.35
7868979,Synchrony,2023-Q4,634,19.8125
7875635,Capital One,2023-Q4,897,28.03125
7875645,Chase,2023-Q4,801,13.35
7876973,Chase,2023-Q4,801,13.35
7883195,Bank of America,2023-Q4,412,12.875
7883843,Synchrony,2023-Q4,634,19.8125
7884550,American Express,2023-Q4,498,6.225
7886716,American Express,2023-Q4,498,6.225
7888016,Synchrony,2023-Q4,634,19.8125
7891952,Capital One,2023-Q4,897,28.03125
7892277,American Express,2023-Q4,498,6.225
7893137,Capital One,2023-Q4,897,28.03125
7897212,Chase,2023-Q4,801,13.35
7897835,Chase,2023-Q4,801,13.35
7902088,Chase,2023-Q4,801,13.35
7903374,Synchrony,2023-Q4,634,19.8125
7903736,Synchrony,2023-Q4,634,19.8125
7903766,Capital One,2023-Q4,897,28.03125
7904471,American Express,2023-Q4,498,6.225
7905091,Discover,2023-Q4,313,9.78125
7907931,Bank of America,2023-Q4,412,12.875
7909301,Chase,2023-Q4,801,13.35
7909829,Capital One,2023-Q4,897,28.03125
7910061,Citi,2023-Q4,727,22.71875
7912586,Synchrony,2023-Q4,634,19.8125
7915907,Chase,2023-Q4,801,13.35
7915920,Chase,2023-Q4,801,13.35
7916086,American Express,2023-Q4,498,6.225
7917511,Citi,2023-Q4,727,22.71875
7920155,American Express,2023-Q4,498,6.225
7921941,Synchrony,2023-Q4,634,19.8125
7922547,Discover,2023-Q4,313,9.78125
7922971,Citi,2023-Q4,727,22.71875
7924252,Discover,2023-Q4,313,9.78125
7927166,Discover,2023-Q4,313,9.78125
7927752,American Express,2023-Q4,498,6.225
7928791,Citi,2023-Q4,727,22.71875
7932146,Capital One,2023-Q4,897,28.03125
7934570,American Express,2023-Q4,498,6.225
7935562,Discover,2023-Q4,313,9.78125
7936769,Discover,2023-Q4,313,9.78125
7937076,Chase,2023-Q4,801,13.35
7938904,Synchrony,2023-Q4,634,19.8125
7938921,American Express,2023-Q4,498,6.225
7939052,American Express,2023-Q4,498,6.225
7939668,Capital One,2023-Q4,897,28.03125
7939682,Chase,2023-Q4,801,13.35
7941145,American Express,2023-Q4,498,6.225
7941458,Chase,2023-Q4,801,13.35
7944540,American Express,2023-Q4,498,6.225
7946158,Chase,2023-Q4,801,13.35
7946371,Bank of America,2023-Q4,412,12.875
7947011,Discover,2023-Q4,313,9.78125
7947495,Discover,2023-Q4,313,9.78125
7948495,Chase,2023-Q4,801,13.35
7948995,Chase,2023-Q4,801,13.35
7954000,American Express,2023-Q4,498,6.225
7954421,Chase,2023-Q4,801,13.35
7955653,Chase,2023-Q4,801,13.35
7956306,Capital One,2023-Q4,897,28.03125
7956655,Bank of America,2023-Q4,412,12.875
7960023,Synchrony,2023-Q4,634,19.8125
7961709,American Express,2023-Q4,498,6.225
7961738,Chase,2023-Q4,801,13.35
7964340,American Express,2023-Q4,498,6.225
7966578,Bank of America,2023-Q4,412,12.875
7968005,American Express,2023-Q4,498,6.225
7971861,Bank of America,2023-Q4,412,12.875
7973489,Chase,2023-Q4,801,13.35
7978536,Capital One,2023-Q4,897,28.03125
7978576,American Express,2023-Q4,498,6.225
7982121,American Express,2023-Q4,498,6.225
7982861,American Express,2023-Q4,498,6.225
7984234,Capital One,2023-Q4,897,28.03125
7984971,Discover,2023-Q4,313,9.78125
7985332,Bank of America,2023-Q4,412,12.875
7989078,Discover,2023-Q4,313,9.78125
7990109,Capital One,2023-Q4,897,28.03125
7993030,Capital One,2023-Q4,897,28.03125
7996236,Discover,2023-Q4,313,9.78125
7998123,Synchrony,2023-Q4,634,19.8125
7999664,Chase,2023-Q4,801,13.35
8000213,Discover,2023-Q4,313,9.78125
8000899,Bank of America,2023-Q4,412,12.875
8003953,American Express,2023-Q4,498,6.225
8007321,American Express,2023-Q4,498,6.225
8010081,Chase,2023-Q4,801,13.35
8012972,Chase,2023-Q4,801,13.35
8013116,American Express,2023-Q4,498,6.225
8014459,Citi,2023-Q4,727,22.71875
8015851,Chase,2023-Q4,801,13.35
8016462,Capital One,2023-Q4,897,28.03125
8016782,Capital One,2023-Q4,897,28.03125
8018716,Capital One,2023-Q4,897,28.03125
8019115,Discover,2023-Q4,313,9.78125
8019698,Synchrony,2023-Q4,634,19.8125
8021493,Synchrony,2023-Q4,634,19.8125
8022115,Citi,2023-Q4,727,22.71875
8023803,Capital One,2023-Q4,897,28.03125
8025369,American Express,2023-Q4,498,6.225
8026610,Chase,2023-Q4,801,13.35
8028232,Bank of America,2023-Q4,412,12.875
8030442,American Express,2023-Q4,498,6.225
8030590,Bank of America,2023-Q4,412,12.875
8031016,Synchrony,2023-Q4,634,19.8125
8034227,American Express,2023-Q4,498,6.225
8035141,Chase,2023-Q4,801,13.35
8041326,Synchrony,2023-Q4,634,19.8125
8042155,American Express,2023-Q4,498,6.225
8042357,Capital One,2023-Q4,897,28.03125
8050258,American Express,2023-Q4,498,6.225
8052217,Citi,2023-Q4,727,22.71875
8052320,Bank of America,2023-Q4,412,12.875
8055657,Capital One,2023-Q4,897,28.03125
8058522,American Express,2023-Q4,498,6.225
8060223,Bank of America,2023-Q4,412,12.875
8063558,Chase,2023-Q4,801,13.35
8066344,American Express,2023-Q4,498,6.225
8066954,Chase,2023-Q4,801,13.35
8067183,American Express,2023-Q4,498,6.225
8067949,Bank of America,2023-Q4,412,12.875
8068709,Bank of America,2023-Q4,412,12.875
8068761,Citi,2023-Q4,727,22.71875
8071669,American Express,2023-Q4,498,6.225
8071779,Synchrony,2023-Q4,634,19.8125
8073881,Chase,2023-Q4,801,13.35
8074476,Bank of America,2023-Q4,412,12.875
8074502,American Express,2023-Q4,498,6.225
8074797,Citi,2023-Q4,727,22.71875
8075014,Chase,2023-Q4,801,13.35
8075384,Bank of America,2023-Q4,412,12.875
8077084,Synchrony,2023-Q4,634,19.8125
8077714,American Express,2023-Q4,498,6.225
8078710,Discover,2023-Q4,313,9.78125
8078725,Citi,2023-Q4,727,22.71875
8079319,Synchrony,2023-Q4,634,19.8125
8080061,Synchrony,2023-Q4,634,19.8125
8080445,American Express,2023-Q4,498,6.225
8082722,American Express,2023-Q4,498,6.225
8082997,Capital One,2023-Q4,897,28.03125
8086236,American Express,2023-Q4,498,6.225
8086913,Capital One,2024-Q1,937,29.28125
8089593,Chase,2024-Q1,729,12.15
8090398,Citi,2024-Q1,801,25.03125
8091176,Chase,2024-Q1,729,12.15
8091723,Citi,2024-Q1,801,25.03125
8093628,Chase,2024-Q1,729,12.15
8094314,Citi,2024-Q1,801,25.03125
8095742,Bank of America,2024-Q1,440,13.75
8095853,American Express,2024-Q1,588,7.35
8096340,Capital One,2024-Q1,937,29.28125
8097737,Bank of America,2024-Q1,440,13.75
8097939,Capital One,2024-Q1,937,29.28125
8098085,Synchrony,2024-Q1,682,21.3125
8099369,Capital One,2024-Q1,937,29.28125
8101621,Citi,2024-Q1,801,25.03125
8102734,American Express,2024-Q1,588,7.35
8104305,Citi,2024-Q1,801,25.03125
8109092,Bank of America,2024-Q1,440,13.75
8109812,Chase,2024-Q1,729,12.15
8109863,Discover,2024-Q1,307,9.59375
8113017,Capital One,2024-Q1,937,29.28125
8114619,Chase,2024-Q1,729,12.15
8116841,Citi,2024-Q1,801,25.03125
8118663,Citi,2024-Q1,801,25.03125
8119847,Discover,2024-Q1,307,9.59375
8120936,Chase,2024-Q1,729,12.15
8123013,Bank of America,2024-Q1,440,13.75
8124037,American Express,2024-Q1,588,7.35
8124463,Chase,2024-Q1,729,12.15
8124897,American Express,2024-Q1,588,7.35
8125401,Discover,2024-Q1,307,9.59375
8126387,Citi,2024-Q1,801,25.03125
8126707,Synchrony,2024-Q1,682,21.3125
8129359,American Express,2024-Q1,588,7.35
8131733,American Express,2024-Q1,588,7.35
8138544,American Express,2024-Q1,588,7.35
8138693,Chase,2024-Q1,729,12.15
8141158,Chase,2024-Q1,729,12.15
8143645,Bank of America,2024-Q1,440,13.75
8144186,American Express,2024-Q1,588,7.35
8148514,American Express,2024-Q1,588,7.35
8151904,Capital One,2024-Q1,937,29.28125
8152375,Citi,2024-Q1,801,25.03125
8154519,American Express,2024-Q1,588,7.35
8158921,American Express,2024-Q1,588,7.35
8161245,Chase,2024-Q1,729,12.15
8162557,Capital One,2024-Q1,937,29.28125
8163523,Chase,2024-Q1,729,12.15
8165217,Chase,2024-Q1,729,12.15
8167460,American Express,2024-Q1,588,7.35
8167489,Bank of America,2024-Q1,440,13.75
8170771,American Express,2024-Q1,588,7.35
8174806,Bank of America,2024-Q1,440,13.75
8175211,Chase,2024-Q1,729,12.15
8177881,American Express,2024-Q1,588,7.35
8178243,Citi,2024-Q1,801,25.03125
8181706,American Express,2024-Q1,588,7.35
8182206,Discover,2024-Q1,307,9.59375
8183356,Chase,2024-Q1,729,12.15
8189101,Discover,2024-Q1,307,9.59375
8192942,Chase,2024-Q1,729,12.15
8195710,American Express,2024-Q1,588,7.35
8198502,American Express,2024-Q1,588,7.35
8199092,Synchrony,2024-Q1,682,21.3125
8201179,Chase,2024-Q1,729,12.15
8201267,Capital One,2024-Q1,937,29.28125
8202361,Synchrony,2024-Q1,682,21.3125
8205153,Capital One,2024-Q1,937,29.28125
8211972,Capital One,2024-Q1,937,29.28125
8213804,Chase,2024-Q1,729,12.15
8214077,American Express,2024-Q1,588,7.35
8218471,Capital One,2024-Q1,937,29.28125
8218723,American Express,2024-Q1,588,7.35
8218843,Discover,2024-Q1,307,9.59375
8223407,American Express,2024-Q1,588,7.35
8224014,Synchrony,2024-Q1,682,21.3125
8225061,Chase,2024-Q1,729,12.15
8225324,Synchrony,2024-Q1,682,21.3125
8225930,Chase,2024-Q1,729,12.15
8226436,Chase,2024-Q1,729,12.15
8228342,American Express,2024-Q1,588,7.35
8230024,Citi,2024-Q1,801,25.03125
8230373,Discover,2024-Q1,307,9.59375
8232074,American Express,2024-Q1,588,7.35
8232121,Capital One,2024-Q1,937,29.28125
8233111,Discover,2024-Q1,307,9.59375
8233378,Capital One,2024-Q1,937,29.28125
8237580,Capital One,2024-Q1,937,29.28125
8238433,American Express,2024-Q1,588,7.35
8238825,Citi,2024-Q1,801,25.03125
8239760,American Express,2024-Q1,588,7.35
8240957,American Express,2024-Q1,588,7.35
8244886,American Express,2024-Q1,588,7.35
8244979,Chase,2024-Q1,729,12.15
8246358,Synchrony,2024-Q1,682,21.3125
8247551,American Express,2024-Q1,588,7.35
8248461,Capital One,2024-Q1,937,29.28125
8251712,American Express,2024-Q1,588,7.35
8253426,American Express,2024-Q1,588,7.35
8255680,Chase,2024-Q1,729,12.15
8258215,Discover,2024-Q1,307,9.59375
8260526,Bank of America,2024-Q1,440,13.75
8260814,Discover,2024-Q1,307,9.59375
8261033,Bank of America,2024-Q1,440,13.75
8263251,Discover,2024-Q1,307,9.59375
8263265,American Express,2024-Q1,588,7.35
8263491,Synchrony,2024-Q1,682,21.3125
8268360,American Express,2024-Q1,588,7.35
8272042,Citi,2024-Q1,801,25.03125
8273443,Capital One,2024-Q1,937,29.28125
8273791,Chase,2024-Q1,729,12.15
8274786,Bank of America,2024-Q1,440,13.75
8275903,American Express,2024-Q1,588,7.35
8284495,Citi,2024-Q1,801,25.03125
8284799,Chase,2024-Q1,729,12.15
8287840,Synchrony,2024-Q1,682,21.3125
8292255,American Express,2024-Q1,588,7.35
8293175,American Express,2024-Q1,588,7.35
8296593,Chase,2024-Q1,729,12.15
8298661,Discover,2024-Q1,307,9.59375
8298690,Discover,2024-Q1,307,9.59375
8299352,American Express,2024-Q1,588,7.35
8301572,Discover,2024-Q1,307,9.59375
8311565,Discover,2024-Q1,307,9.59375
8315972,Synchrony,2024-Q1,682,21.3125
8318307,Chase,2024-Q1,729,12.15
8319076,Capital One,2024-Q1,937,29.28125
8320281,Citi,2024-Q1,801,25.03125
8325851,American Express,2024-Q1,588,7.35
8328003,Bank of America,2024-Q1,440,13.75
8331070,Capital One,2024-Q1,937,29.28125
8331340,Synchrony,2024-Q1,682,21.3125
8331399,Chase,2024-Q1,729,12.15
8331757,Bank of America,2024-Q1,440,13.75
8333526,Discover,2024-Q1,307,9.59375
8335691,American Express,2024-Q1,588,7.35
8338089,Citi,2024-Q1,801,25.03125
8341417,Bank of America,2024-Q1,440,13.75
8342043,American Express,2024-Q1,588,7.35
8344766,American Express,2024-Q1,588,7.35
8351853,Chase,2024-Q1,729,12.15
8353254,Chase,2024-Q1,729,12.15
8353765,Synchrony,2024-Q1,682,21.3125
8353901,Capital One,2024-Q1,937,29.28125
8367118,Citi,2024-Q1,801,25.03125
8367577,American Express,2024-Q1,588,7.35
8370423,American Express,2024-Q1,588,7.35
8372514,Synchrony,2024-Q1,682,21.3125
8374537,American Express,2024-Q1,588,7.35
8374868,American Express,2024-Q1,588,7.35
8375217,Synchrony,2024-Q1,682,21.3125
8376868,Capital One,2024-Q1,937,29.28125
8378072,American Express,2024-Q1,588,7.35
8378411,Chase,2024-Q1,729,12.15
8378417,Discover,2024-Q1,307,9.59375
8380197,Discover,2024-Q1,307,9.59375
8383943,American Express,2024-Q1,588,7.35
8386043,Discover,2024-Q1,307,9.59375
8392339,Bank of America,2024-Q1,440,13.75
8392557,American Express,2024-Q1,588,7.35
8392620,American Express,2024-Q1,588,7.35
8392718,Chase,2024-Q1,729,12.15
8396565,Discover,2024-Q1,307,9.59375
8400159,Bank of America,2024-Q1,440,13.75
8401196,Chase,2024-Q1,729,12.15
8401390,Capital One,2024-Q1,937,29.28125
8402052,Citi,2024-Q1,801,25.03125
8402438,Bank of America,2024-Q1,440,13.75
8408354,Bank of America,2024-Q1,440,13.75
8409575,American Express,2024-Q1,588,7.35
8411858,Discover,2024-Q1,307,9.59375
8413936,Citi,2024-Q1,801,25.03125
8414157,American Express,2024-Q1,588,7.35
8414452,Synchrony,2024-Q1,682,21.3125
8415513,Citi,2024-Q1,801,25.03125
8424330,Discover,2024-Q1,307,9.59375
8424894,Chase,2024-Q1,729,12.15
8429354,American Express,2024-Q1,588,7.35
8429921,Discover,2024-Q1,307,9.59375
8432959,Discover,2024-Q1,307,9.59375
8434250,Discover,2024-Q1,307,9.59375
8437033,Synchrony,2024-Q1,682,21.3125
8437143,American Express,2024-Q1,588,7.35
8438276,Capital One,2024-Q1,937,29.28125
8438755,Synchrony,2024-Q1,682,21.3125
8443025,Synchrony,2024-Q1,682,21.3125
8444405,American Express,2024-Q1,588,7.35
8445849,Discover,2024-Q1,307,9.59375
8449388,Chase,2024-Q1,729,12.15
8452190,Chase,2024-Q1,729,12.15
8453850,Synchrony,2024-Q1,682,21.3125
8455093,Capital One,2024-Q1,937,29.28125
8456851,American Express,2024-Q1,588,7.35
8457033,Citi,2024-Q1,801,25.03125
8458477,Synchrony,2024-Q1,682,21.3125
8459807,Bank of America,2024-Q1,440,13.75
8459848,Bank of America,2024-Q1,440,13.75
8463269,Discover,2024-Q1,307,9.59375
8465194,American Express,2024-Q1,588,7.35
8469080,American Express,2024-Q1,588,7.35
8473907,American Express,2024-Q1,588,7.35
8474218,American Express,2024-Q1,588,7.35
8474436,Bank of America,2024-Q1,440,13.75
8474711,American Express,2024-Q1,588,7.35
8476365,Bank of America,2024-Q1,440,13.75
8484186,Chase,2024-Q1,729,12.15
8484792,Synchrony,2024-Q1,682,21.3125
8485066,Citi,2024-Q1,801,25.03125
8486997,American Express,2024-Q1,588,7.35
8489599,Citi,2024-Q1,801,25.03125
8491314,Bank of America,2024-Q1,440,13.75
8493746,Citi,2024-Q1,801,25.03125
8494389,American Express,2024-Q1,588,7.35
8497199,Citi,2024-Q1,801,25.03125
8497308,Chase,2024-Q1,729,12.15
8499636,Capital One,2024-Q1,937,29.28125
8499973,Chase,2024-Q1,729,12.15
8499974,Bank of America,2024-Q1,440,13.75
8505385,American Express,2024-Q1,588,7.35
8505653,Bank of America,2024-Q1,440,13.75
8507037,Chase,2024-Q1,729,12.15
8509781,Citi,2024-Q1,801,25.03125
8512140,Chase,2024-Q1,729,12.15
8512193,American Express,2024-Q1,588,7.35
8512944,Citi,2024-Q1,801,25.03125
8514806,Bank of America,2024-Q1,440,13.75
8516614,American Express,2024-Q1,588,7.35
8516622,Capital One,2024-Q1,937,29.28125
8518512,Chase,2024-Q1,729,12.15
8518751,Synchrony,2024-Q1,682,21.3125
8519973,Citi,2024-Q1,801,25.03125
8523143,Chase,2024-Q1,729,12.15
8524813,American Express,2024-Q1,588,7.35
8525166,Synchrony,2024-Q1,682,21.3125
8527110,Chase,2024-Q1,729,12.15
8527130,Chase,2024-Q1,729,12.15
8531641,Chase,2024-Q1,729,12.15
8531676,Discover,2024-Q1,307,9.59375
8532539,Bank of America,2024-Q1,440,13.75
8533198,Synchrony,2024-Q1,682,21.3125
8534463,American Express,2024-Q1,588,7.35
8534920,Chase,2024-Q1,729,12.15
8536602,Capital One,2024-Q1,937,29.28125
8537050,Citi,2024-Q1,801,25.03125
8538352,Capital One,2024-Q1,937,29.28125
8543606,American Express,2024-Q1,588,7.35
8545624,Synchrony,2024-Q1,682,21.3125
8547020,American Express,2024-Q1,588,7.35
8549524,American Express,2024-Q1,588,7.35
8550768,Synchrony,2024-Q1,682,21.3125
8550775,Discover,2024-Q1,307,9.59375
8551654,Chase,2024-Q1,729,12.15
8556609,Capital One,2024-Q1,937,29.28125
8557974,Bank of America,2024-Q1,440,13.75
8558946,American Express,2024-Q1,588,7.35
8561286,Chase,2024-Q1,729,12.15
8563885,American Express,2024-Q1,588,7.35
8566910,American Express,2024-Q1,588,7.35
8569445,American Express,2024-Q1,588,7.35
8575096,Synchrony,2024-Q1,682,21.3125
8575155,Chase,2024-Q1,729,12.15
8575662,Capital One,2024-Q1,937,29.28125
8575672,American Express,2024-Q1,588,7.35
8577989,American Express,2024-Q1,588,7.35
8582018,Citi,2024-Q1,801,25.03125
8585294,Capital One,2024-Q1,937,29.28125
8587439,American Express,2024-Q1,588,7.35
8587618,Citi,2024-Q1,801,25.03125
8588537,Bank of America,2024-Q1,440,13.75
8589503,Chase,2024-Q1,729,12.15
8594131,Synchrony,2024-Q1,682,21.3125
8605410,Chase,2024-Q1,729,12.15
8612915,Chase,2024-Q1,729,12.15
8622223,Discover,2024-Q1,307,9.59375
8623868,Chase,2024-Q1,729,12.15
8625110,Bank of America,2024-Q1,440,13.75
8625134,Chase,2024-Q1,729,12.15
8628834,Bank of America,2024-Q1,440,13.75
8631178,Capital One,2024-Q1,937,29.28125
8634324,Chase,2024-Q1,729,12.15
8634764,Bank of America,2024-Q1,440,13.75
8636135,Capital One,2024-Q1,937,29.28125
8639894,Chase,2024-Q1,729,12.15
8641294,Synchrony,2024-Q1,682,21.3125
8643179,American Express,2024-Q1,588,7.35
8645638,Chase,2024-Q1,729,12.15
8645740,Discover,2024-Q1,307,9.59375
8646030,Bank of America,2024-Q1,440,13.75
8646489,American Express,2024-Q1,588,7.35
8649602,Chase,2024-Q1,729,12.15
8652390,American Express,2024-Q1,588,7.35
8652420,Citi,2024-Q1,801,25.03125
8654698,Discover,2024-Q1,307,9.59375
8656347,Chase,2024-Q1,729,12.15
8656837,Chase,2024-Q1,729,12.15
8660080,American Express,2024-Q1,588,7.35
8660375,Synchrony,2024-Q1,682,21.3125
8660798,Synchrony,2024-Q1,682,21.3125
8661832,Synchrony,2024-Q1,682,21.3125
8662732,American Express,2024-Q1,588,7.35
8663819,Discover,2024-Q2,267,8.34375
8665724,Citi,2024-Q2,946,29.5625
8671411,American Express,2024-Q2,527,6.5875
8671477,Citi,2024-Q2,946,29.5625
8673475,Capital One,2024-Q2,900,28.125
8674039,American Express,2024-Q2,527,6.5875
8674611,Synchrony,2024-Q2,824,25.75
8677723,Chase,2024-Q2,733,12.216666666666667
8678187,Synchrony,2024-Q2,824,25.75
8680559,Citi,2024-Q2,946,29.5625
8680581,Citi,2024-Q2,946,29.5625
8680965,Chase,2024-Q2,733,12.216666666666667
8682069,Synchrony,2024-Q2,824,25.75
8682358,American Express,2024-Q2,527,6.5875
8682967,Bank of America,2024-Q2,371,11.59375
8683098,Capital One,2024-Q2,900,28.125
8683102,Capital One,2024-Q2,900,28.125
8683820,Chase,2024-Q2,733,12.216666666666667
8693061,Bank of America,2024-Q2,371,11.59375
8697756,Bank of America,2024-Q2,371,11.59375
8699663,Bank of America,2024-Q2,371,11.59375
8706093,Synchrony,2024-Q2,824,25.75
8710187,Chase,2024-Q2,733,12.216666666666667
8710417,Synchrony,2024-Q2,824,25.75
8714205,Discover,2024-Q2,267,8.34375
8714523,Chase,2024-Q2,733,12.216666666666667
8716064,Discover,2024-Q2,267,8.34375
8725871,American Express,2024-Q2,527,6.5875
8726402,Discover,2024-Q2,267,8.34375
8728003,American Express,2024-Q2,527,6.5875
8731302,Synchrony,2024-Q2,824,25.75
8734585,Chase,2024-Q2,733,12.216666666666667
8737717,Bank of America,2024-Q2,371,11.59375
8740732,Discover,2024-Q2,267,8.34375
8744054,Discover,2024-Q2,267,8.34375
8747468,Synchrony,2024-Q2,824,25.75
8750999,Bank of America,2024-Q2,371,11.59375
8751539,American Express,2024-Q2,527,6.5875
8751945,Chase,2024-Q2,733,12.216666666666667
8757770,American Express,2024-Q2,527,6.5875
8757954,American Express,2024-Q2,527,6.5875
8761650,American Express,2024-Q2,527,6.5875
8762204,Citi,2024-Q2,946,29.5625
8762330,Capital One,2024-Q2,900,28.125
8762924,Discover,2024-Q2,267,8.34375
8763664,Discover,2024-Q2,267,8.34375
8763944,Discover,2024-Q2,267,8.34375
8765003,Citi,2024-Q2,946,29.5625
8765255,American Express,2024-Q2,527,6.5875
8766299,Chase,2024-Q2,733,12.216666666666667
8766933,Bank of America,2024-Q2,371,11.59375
8767065,Synchrony,2024-Q2,824,25.75
8767394,Citi,2024-Q2,946,29.5625
8767587,American Express,2024-Q2,527,6.5875
8774964,Bank of America,2024-Q2,371,11.59375
8775620,Chase,2024-Q2,733,12.216666666666667
8776451,Chase,2024-Q2,733,12.216666666666667
8777990,American Express,2024-Q2,527,6.5875
8783810,Bank of America,2024-Q2,371,11.59375
8784715,Synchrony,2024-Q2,824,25.75
8790341,Chase,2024-Q2,733,12.216666666666667
8791999,Capital One,2024-Q2,900,28.125
8793784,Bank of America,2024-Q2,371,11.59375
8798047,American Express,2024-Q2,527,6.5875
8803413,Discover,2024-Q2,267,8.34375
8804055,Synchrony,2024-Q2,824,25.75
8806883,Citi,2024-Q2,946,29.5625
8809092,American Express,2024-Q2,527,6.5875
8809833,American Express,2024-Q2,527,6.5875
8809840,Capital One,2024-Q2,900,28.125
8810675,American Express,2024-Q2,527,6.5875
8812111,American Express,2024-Q2,527,6.5875
8813544,Chase,2024-Q2,733,12.216666666666667
8817966,Bank of America,2024-Q2,371,11.59375
8820044,Citi,2024-Q2,946,29.5625
8821263,Capital One,2024-Q2,900,28.125
8821719,Discover,2024-Q2,267,8.34375
8822644,Synchrony,2024-Q2,824,25.75
8824656,Chase,2024-Q2,733,12.216666666666667
8826290,American Express,2024-Q2,527,6.5875
8826560,Capital One,2024-Q2,900,28.125
8829394,Synchrony,2024-Q2,824,25.75
8836679,Synchrony,2024-Q2,824,25.75
8841049,Chase,2024-Q2,733,12.216666666666667
8844001,American Express,2024-Q2,527,6.5875
8844480,Synchrony,2024-Q2,824,25.75
8848744,American Express,2024-Q2,527,6.5875
8849752,Citi,2024-Q2,946,29.5625
8850546,Citi,2024-Q2,946,29.5625
8851008,Citi,2024-Q2,946,29.5625
8854922,Capital One,2024-Q2,900,28.125
8856470,Synchrony,2024-Q2,824,25.75
8857305,Bank of America,2024-Q2,371,11.59375
8859339,Citi,2024-Q2,946,29.5625
8861660,Chase,2024-Q2,733,12.216666666666667
8866990,American Express,2024-Q2,527,6.5875
8867068,American Express,2024-Q2,527,6.5875
8879427,Citi,2024-Q2,946,29.5625
8879466,American Express,2024-Q2,527,6.5875
8880086,Synchrony,2024-Q2,824,25.75
8880320,American Express,2024-Q2,527,6.5875
8882426,Chase,2024-Q2,733,12.216666666666667
8885356,American Express,2024-Q2,527,6.5875
8885958,American Express,2024-Q2,527,6.5875
8887594,American Express,2024-Q2,527,6.5875
8887814,Capital One,2024-Q2,900,28.125
8888527,Citi,2024-Q2,946,29.5625
8890026,Citi,2024-Q2,946,29.5625
8893286,Chase,2024-Q2,733,12.216666666666667
8895043,Chase,2024-Q2,733,12.216666666666667
8895889,Bank of America,2024-Q2,371,11.59375
8896664,Discover,2024-Q2,267,8.34375
8897255,American Express,2024-Q2,527,6.5875
8898186,Synchrony,2024-Q2,824,25.75
8898390,Bank of America,2024-Q2,371,11.59375
8903317,Capital One,2024-Q2,900,28.125
8903373,Discover,2024-Q2,267,8.34375
8903433,Chase,2024-Q2,733,12.216666666666667
8903714,American Express,2024-Q2,527,6.5875
8903826,Synchrony,2024-Q2,824,25.75
8904091,American Express,2024-Q2,527,6.5875
8909220,Chase,2024-Q2,733,12.216666666666667
8910345,American Express,2024-Q2,527,6.5875
8913722,Bank of America,2024-Q2,371,11.59375
8913844,American Express,2024-Q2,527,6.5875
8913858,American Express,2024-Q2,527,6.5875
8913935,Citi,2024-Q2,946,29.5625
8915923,American Express,2024-Q2,527,6.5875
8922670,Chase,2024-Q2,733,12.216666666666667
8924235,Synchrony,2024-Q2,824,25.75
8926125,American Express,2024-Q2,527,6.5875
8928944,American Express,2024-Q2,527,6.5875
8929383,Bank of America,2024-Q2,371,11.59375
8931052,Chase,2024-Q2,733,12.216666666666667
8934719,Chase,2024-Q2,733,12.216666666666667
8936592,Capital One,2024-Q2,900,28.125
8937882,Citi,2024-Q2,946,29.5625
8939634,Discover,2024-Q2,267,8.34375
8940292,Chase,2024-Q2,733,12.216666666666667
8941316,Citi,2024-Q2,946,29.5625
8943646,Capital One,2024-Q2,900,28.125
8945983,Discover,2024-Q2,267,8.34375
8951772,Discover,2024-Q2,267,8.34375
8954167,Discover,2024-Q2,267,8.34375
8957690,Synchrony,2024-Q2,824,25.75
8963654,Chase,2024-Q2,733,12.216666666666667
8971301,Capital One,2024-Q2,900,28.125
8974703,Bank of America,2024-Q2,371,11.59375
8976462,American Express,2024-Q2,527,6.5875
8977672,Chase,2024-Q2,733,12.216666666666667
8979010,American Express,2024-Q2,527,6.5875
8984527,Citi,2024-Q2,946,29.5625
8988086,Chase,2024-Q2,733,12.216666666666667
8990740,Chase,2024-Q2,733,12.216666666666667
9011059,American Express,2024-Q2,527,6.5875
9013118,American Express,2024-Q2,527,6.5875
9018841,Synchrony,2024-Q2,824,25.75
9024404,Discover,2024-Q2,267,8.34375
9025197,Capital One,2024-Q2,900,28.125
9025701,Chase,2024-Q2,733,12.216666666666667
9027160,Bank of America,2024-Q2,371,11.59375
9030242,American Express,2024-Q2,527,6.5875
9036739,Synchrony,2024-Q2,824,25.75
9037405,Bank of America,2024-Q2,371,11.59375
9037594,Synchrony,2024-Q2,824,25.75
9037608,American Express,2024-Q2,527,6.5875
9037620,Chase,2024-Q2,733,12.216666666666667
9039359,American Express,2024-Q2,527,6.5875
9044271,Chase,2024-Q2,733,12.216666666666667
9045993,Capital One,2024-Q2,900,28.125
9046160,American Express,2024-Q2,527,6.5875
9048292,Bank of America,2024-Q2,371,11.59375
9054256,Chase,2024-Q2,733,12.216666666666667
9054590,Discover,2024-Q2,267,8.34375
9057083,Discover,2024-Q2,267,8.34375
9063105,Capital One,2024-Q2,900,28.125
9065466,Capital One,2024-Q2,900,28.125
9068247,Discover,2024-Q2,267,8.34375
9069746,American Express,2024-Q2,527,6.5875
9071639,American Express,2024-Q2,527,6.5875
9071700,Capital One,2024-Q2,900,28.125
9079943,American Express,2024-Q2,527,6.5875
9082238,Citi,2024-Q2,946,29.5625
9086679,American Express,2024-Q2,527,6.5875
9087090,Chase,2024-Q2,733,12.216666666666667
9090197,American Express,2024-Q2,527,6.5875
9093544,American Express,2024-Q2,527,6.5875
9108985,Chase,2024-Q2,733,12.216666666666667
9109386,Discover,2024-Q2,267,8.34375
9112258,Capital One,2024-Q2,900,28.125
9128449,Citi,2024-Q2,946,29.5625
9132257,American Express,2024-Q2,527,6.5875
9134602,Citi,2024-Q2,946,29.5625
9138086,Synchrony,2024-Q2,824,25.75
9140593,American Express,2024-Q2,527,6.5875
9143247,Chase,2024-Q2,733,12.216666666666667
9150130,American Express,2024-Q2,527,6.5875
9156721,American Express,2024-Q2,527,6.5875
9157188,Chase,2024-Q2,733,12.216666666666667
9158223,Capital One,2024-Q2,900,28.125
9160261,Chase,2024-Q2,733,12.216666666666667
9163053,Chase,2024-Q2,733,12.216666666666667
9163762,Capital One,2024-Q2,900,28.125
9167079,Synchrony,2024-Q2,824,25.75
9167635,Chase,2024-Q2,733,12.216666666666667
9171484,Synchrony,2024-Q2,824,25.75
9173626,American Express,2024-Q2,527,6.5875
9173758,American Express,2024-Q2,527,6.5875
9174584,Capital One,2024-Q2,900,28.125
9179384,Chase,2024-Q2,733,12.216666666666667
9180021,American Express,2024-Q2,527,6.5875
9180486,Capital One,2024-Q2,900,28.125
9180514,Bank of America,2024-Q2,371,11.59375
9181254,American Express,2024-Q2,527,6.5875
9185932,American Express,2024-Q2,527,6.5875
9186657,Chase,2024-Q2,733,12.216666666666667
9190969,American Express,2024-Q2,527,6.5875
9191820,Chase,2024-Q2,733,12.216666666666667
9191858,Discover,2024-Q2,267,8.34375
9193567,Chase,2024-Q2,733,12.216666666666667
9194474,American Express,2024-Q2,527,6.5875
9194882,American Express,2024-Q2,527,6.5875
9195382,American Express,2024-Q2,527,6.5875
9196194,Chase,2024-Q2,733,12.216666666666667
9196261,Chase,2024-Q2,733,12.216666666666667
9198025,Discover,2024-Q2,267,8.34375
9202768,Discover,2024-Q2,267,8.34375
9204988,Capital One,2024-Q2,900,28.125
9210511,Chase,2024-Q2,733,12.216666666666667
9211111,Bank of America,2024-Q2,371,11.59375
9213517,Capital One,2024-Q2,900,28.125
9214843,American Express,2024-Q2,527,6.5875
9216065,Citi,2024-Q2,946,29.5625
9220207,Citi,2024-Q2,946,29.5625
9223439,Citi,2024-Q2,946,29.5625
9223968,American Express,2024-Q2,527,6.5875
9228208,Chase,2024-Q2,733,12.216666666666667
9237158,Citi,2024-Q2,946,29.5625
9241687,Chase,2024-Q2,733,12.216666666666667
9256467,Capital One,2024-Q2,900,28.125
9256608,Synchrony,2024-Q2,824,25.75
9262134,American Express,2024-Q2,527,6.5875
9264326,Bank of America,2024-Q2,371,11.59375
9267379,American Express,2024-Q2,527,6.5875
9267563,American Express,2024-Q2,527,6.5875
9270958,Synchrony,2024-Q2,824,25.75
9273312,Citi,2024-Q2,946,29.5625
9276026,Bank of America,2024-Q2,371,11.59375
9278965,Chase,2024-Q2,733,12.216666666666667
9279031,Chase,2024-Q2,733,12.216666666666667
9279130,Capital One,2024-Q2,900,28.125
9279244,American Express,2024-Q2,527,6.5875
9279351,Discover,2024-Q2,267,8.34375
9280010,Citi,2024-Q2,946,29.5625
9284231,Citi,2024-Q2,946,29.5625
9289745,Bank of America,2024-Q2,371,11.59375
9291453,Chase,2024-Q2,733,12.216666666666667
9295106,Chase,2024-Q2,733,12.216666666666667
9295331,Chase,2024-Q2,733,12.216666666666667
9299177,American Express,2024-Q2,527,6.5875
9307174,American Express,2024-Q2,527,6.5875
9307874,Citi,2024-Q2,946,29.5625
9309598,Synchrony,2024-Q2,824,25.75
9309761,American Express,2024-Q2,527,6.5875
9310111,American Express,2024-Q2,527,6.5875
9311071,Bank of America,2024-Q2,371,11.59375
9319318,Chase,2024-Q2,733,12.216666666666667
9320969,American Express,2024-Q2,527,6.5875
9323412,Bank of America,2024-Q2,371,11.59375
9325539,American Express,2024-Q2,527,6.5875
9325576,Discover,2024-Q2,267,8.34375
9332154,Synchrony,2024-Q2,824,25.75
9336237,Capital One,2024-Q2,900,28.125
9340320,Citi,2024-Q2,946,29.5625
9340767,Capital One,2024-Q2,900,28.125
9346345,Capital One,2024-Q2,900,28.125
9347262,Bank of America,2024-Q2,371,11.59375
9347303,Chase,2024-Q2,733,12.216666666666667
9348558,Discover,2024-Q2,267,8.34375
9350431,American Express,2024-Q2,527,6.5875
9350734,Discover,2024-Q2,267,8.34375
9353134,American Express,2024-Q2,527,6.5875
9357599,American Express,2024-Q2,527,6.5875
9359857,Bank of America,2024-Q2,371,11.59375
9364083,Chase,2024-Q2,733,12.216666666666667
9366990,Bank of America,2024-Q2,371,11.59375
9367668,Discover,2024-Q2,267,8.34375
9367786,Chase,2024-Q2,733,12.216666666666667
9368196,Synchrony,2024-Q2,824,25.75
9375480,Bank of America,2024-Q2,371,11.59375
9375524,Discover,2024-Q2,267,8.34375
9375651,Chase,2024-Q2,733,12.216666666666667
9375879,Capital One,2024-Q2,900,28.125
9376348,American Express,2024-Q2,527,6.5875
9379788,Discover,2024-Q2,267,8.34375
9380189,Synchrony,2024-Q2,824,25.75
9380474,Chase,2024-Q2,733,12.216666666666667
9384328,Bank of America,2024-Q2,371,11.59375
9389260,Chase,2024-Q2,733,12.216666666666667
9390137,American Express,2024-Q2,527,6.5875
9391472,Citi,2024-Q3,988,30.875
9392161,Capital One,2024-Q3,933,29.15625
9397843,Citi,2024-Q3,988,30.875
9398102,Chase,2024-Q3,743,12.383333333333333
9398493,American Express,2024-Q3,496,6.2
9399327,Synchrony,2024-Q3,799,24.96875
9400468,Synchrony,2024-Q3,799,24.96875
9402749,Chase,2024-Q3,743,12.383333333333333
9404178,Synchrony,2024-Q3,799,24.96875
9404718,American Express,2024-Q3,496,6.2
9408797,Chase,2024-Q3,743,12.383333333333333
9411797,Citi,2024-Q3,988,30.875
9414670,Capital One,2024-Q3,933,29.15625
9415207,Capital One,2024-Q3,933,29.15625
9415248,Capital One,2024-Q3,933,29.15625
9415819,Synchrony,2024-Q3,799,24.96875
9417190,Synchrony,2024-Q3,799,24.96875
9419980,American Express,2024-Q3,496,6.2
9425272,Citi,2024-Q3,988,30.875
9428139,Discover,2024-Q3,326,10.1875
9428231,Bank of America,2024-Q3,498,15.5625
9436941,American Express,2024-Q3,496,6.2
9439576,Capital One,2024-Q3,933,29.15625
9443235,Discover,2024-Q3,326,10.1875
9444168,Chase,2024-Q3,743,12.383333333333333
9444665,Chase,2024-Q3,743,12.383333333333333
9447372,Discover,2024-Q3,326,10.1875
9450016,Synchrony,2024-Q3,799,24.96875
9452772,Discover,2024-Q3,326,10.1875
9453112,Chase,2024-Q3,743,12.383333333333333
9453911,Synchrony,2024-Q3,799,24.96875
9456700,Discover,2024-Q3,326,10.1875
9462297,Chase,2024-Q3,743,12.383333333333333
9466469,Synchrony,2024-Q3,799,24.96875
9474179,American Express,2024-Q3,496,6.2
9477077,Chase,2024-Q3,743,12.383333333333333
9483513,Bank of America,2024-Q3,498,15.5625
9484324,American Express,2024-Q3,496,6.2
9487896,American Express,2024-Q3,496,6.2
9489196,Discover,2024-Q3,326,10.1875
9493162,Citi,2024-Q3,988,30.875
9493554,American Express,2024-Q3,496,6.2
9495587,Synchrony,2024-Q3,799,24.96875
9501823,American Express,2024-Q3,496,6.2
9506148,Chase,2024-Q3,743,12.383333333333333
9506760,Capital One,2024-Q3,933,29.15625
9516859,Chase,2024-Q3,743,12.383333333333333
9518954,American Express,2024-Q3,496,6.2
9522679,Discover,2024-Q3,326,10.1875
9523948,American Express,2024-Q3,496,6.2
9525992,Discover,2024-Q3,326,10.1875
9526166,Synchrony,2024-Q3,799,24.96875
9531222,Citi,2024-Q3,988,30.875
9531902,Discover,2024-Q3,326,10.1875
9533458,American Express,2024-Q3,496,6.2
9535605,Bank of America,2024-Q3,498,15.5625
9542320,American Express,2024-Q3,496,6.2
9553580,American Express,2024-Q3,496,6.2
9568276,Chase,2024-Q3,743,12.383333333333333
9582030,American Express,2024-Q3,496,6.2
9582238,Synchrony,2024-Q3,799,24.96875
9583400,Synchrony,2024-Q3,799,24.96875
9587972,American Express,2024-Q3,496,6.2
9593405,Citi,2024-Q3,988,30.875
9594531,Chase,2024-Q3,743,12.383333333333333
9597036,Capital One,2024-Q3,933,29.15625
9597480,Synchrony,2024-Q3,799,24.96875
9599148,American Express,2024-Q3,496,6.2
9602452,Capital One,2024-Q3,933,29.15625
9604427,Chase,2024-Q3,743,12.383333333333333
9604475,American Express,2024-Q3,496,6.2
9604731,American Express,2024-Q3,496,6.2
9605512,American Express,2024-Q3,496,6.2
9606351,Discover,2024-Q3,326,10.1875
9610114,Capital One,2024-Q3,933,29.15625
9610889,Bank of America,2024-Q3,498,15.5625
9613550,Bank of America,2024-Q3,498,15.5625
9613618,Chase,2024-Q3,743,12.383333333333333
9614252,Chase,2024-Q3,743,12.383333333333333
9619898,Capital One,2024-Q3,933,29.15625
9624201,Chase,2024-Q3,743,12.383333333333333
9627990,Chase,2024-Q3,743,12.383333333333333
9629106,Chase,2024-Q3,743,12.383333333333333
9630365,Capital One,2024-Q3,933,29.15625
9634496,Capital One,2024-Q3,933,29.15625
9635592,Synchrony,2024-Q3,799,24.96875
9635945,Capital One,2024-Q3,933,29.15625
9636748,Chase,2024-Q3,743,12.383333333333333
9639070,Citi,2024-Q3,988,30.875
9643813,Citi,2024-Q3,988,30.875
9645478,Chase,2024-Q3,743,12.383333333333333
9648710,American Express,2024-Q3,496,6.2
9655791,Bank of America,2024-Q3,498,15.5625
9658395,American Express,2024-Q3,496,6.2
9658698,American Express,2024-Q3,496,6.2
9659874,Discover,2024-Q3,326,10.1875
9664311,Capital One,2024-Q3,933,29.15625
9667307,American Express,2024-Q3,496,6.2
9670090,American Express,2024-Q3,496,6.2
9670159,Bank of America,2024-Q3,498,15.5625
9670554,Bank of America,2024-Q3,498,15.5625
9671179,Discover,2024-Q3,326,10.1875
9673021,Synchrony,2024-Q3,799,24.96875
9674876,American Express,2024-Q3,496,6.2
9674908,American Express,2024-Q3,496,6.2
9679362,American Express,2024-Q3,496,6.2
9680857,Chase,2024-Q3,743,12.383333333333333
9682459,Chase,2024-Q3,743,12.383333333333333
9685993,American Express,2024-Q3,496,6.2
9689025,American Express,2024-Q3,496,6.2
9691336,Synchrony,2024-Q3,799,24.96875
9691420,Synchrony,2024-Q3,799,24.96875
9693773,Chase,2024-Q3,743,12.383333333333333
9695246,Capital One,2024-Q3,933,29.15625
9696577,American Express,2024-Q3,496,6.2
9697901,Capital One,2024-Q3,933,29.15625
9697903,Synchrony,2024-Q3,799,24.96875
9698469,American Express,2024-Q3,496,6.2
9699836,Citi,2024-Q3,988,30.875
9703638,American Express,2024-Q3,496,6.2
9704059,Citi,2024-Q3,988,30.875
9705418,Capital One,2024-Q3,933,29.15625
9705762,American Express,2024-Q3,496,6.2
9710533,American Express,2024-Q3,496,6.2
9712468,Chase,2024-Q3,743,12.383333333333333
9713033,Chase,2024-Q3,743,12.383333333333333
9713992,Bank of America,2024-Q3,498,15.5625
9718513,Citi,2024-Q3,988,30.875
9727378,American Express,2024-Q3,496,6.2
9727739,Chase,2024-Q3,743,12.383333333333333
9729626,Chase,2024-Q3,743,12.383333333333333
9732517,Capital One,2024-Q3,933,29.15625
9738157,Chase,2024-Q3,743,12.383333333333333
9738803,Chase,2024-Q3,743,12.383333333333333
9739574,Capital One,2024-Q3,933,29.15625
9741039,American Express,2024-Q3,496,6.2
9741103,Capital One,2024-Q3,933,29.15625
9742402,Bank of America,2024-Q3,498,15.5625
9743036,Citi,2024-Q3,988,30.875
9744180,Citi,2024-Q3,988,30.875
9748020,Synchrony,2024-Q3,799,24.96875
9748873,Synchrony,2024-Q3,799,24.96875
9757121,American Express,2024-Q3,496,6.2
9759500,Chase,2024-Q3,743,12.383333333333333
9772174,Discover,2024-Q3,326,10.1875
9773344,Synchrony,2024-Q3,799,24.96875
9775783,Citi,2024-Q3,988,30.875
9776387,Synchrony,2024-Q3,799,24.96875
9777011,Discover,2024-Q3,326,10.1875
9777713,Capital One,2024-Q3,933,29.15625
9785793,Citi,2024-Q3,988,30.875
9786359,Citi,2024-Q3,988,30.875
9789237,Discover,2024-Q3,326,10.1875
9802280,American Express,2024-Q3,496,6.2
9803295,Citi,2024-Q3,988,30.875
9813285,Bank of America,2024-Q3,498,15.5625
9814908,Chase,2024-Q3,743,12.383333333333333
9825682,Chase,2024-Q3,743,12.383333333333333
9833060,American Express,2024-Q3,496,6.2
9834624,American Express,2024-Q3,496,6.2
9835045,Chase,2024-Q3,743,12.383333333333333
9839194,American Express,2024-Q3,496,6.2
9839488,American Express,2024-Q3,496,6.2
9840187,American Express,2024-Q3,496,6.2
9840604,American Express,2024-Q3,496,6.2
9840956,Capital One,2024-Q3,933,29.15625
9840999,Chase,2024-Q3,743,12.383333333333333
9841750,Chase,2024-Q3,743,12.383333333333333
9845854,Citi,2024-Q3,988,30.875
9846752,Capital One,2024-Q3,933,29.15625
9858129,Capital One,2024-Q3,933,29.15625
9859305,Citi,2024-Q3,988,30.875
9861547,American Express,2024-Q3,496,6.2
9870534,American Express,2024-Q3,496,6.2
9871171,Discover,2024-Q3,326,10.1875
9879964,Capital One,2024-Q3,933,29.15625
9882045,American Express,2024-Q3,496,6.2
9893997,Chase,2024-Q3,743,12.383333333333333
9898411,Discover,2024-Q3,326,10.1875
9899627,Bank of America,2024-Q3,498,15.5625
9904012,American Express,2024-Q3,496,6.2
9909049,Discover,2024-Q3,326,10.1875
9910021,Chase,2024-Q3,743,12.383333333333333
9916190,American Express,2024-Q3,496,6.2
9923337,Citi,2024-Q3,988,30.875
9927898,Citi,2024-Q3,988,30.875
9951526,American Express,2024-Q3,496,6.2
9952664,Discover,2024-Q3,326,10.1875
9953654,Citi,2024-Q3,988,30.875
9961223,Bank of America,2024-Q3,498,15.5625
9961753,Citi,2024-Q3,988,30.875
9967296,Synchrony,2024-Q3,799,24.96875
9970321,Bank of America,2024-Q3,498,15.5625
9984468,Bank of America,2024-Q3,498,15.5625
9984925,Bank of America,2024-Q3,498,15.5625
9990162,American Express,2024-Q3,496,6.2
9993120,Chase,2024-Q3,743,12.383333333333333
10001155,Discover,2024-Q3,326,10.1875
10006404,Discover,2024-Q3,326,10.1875
10008719,American Express,2024-Q3,496,6.2
10010878,Chase,2024-Q3,743,12.383333333333333
10013210,Bank of America,2024-Q3,498,15.5625
10015887,Capital One,2024-Q3,933,29.15625
10021967,Chase,2024-Q3,743,12.383333333333333
10030181,Synchrony,2024-Q3,799,24.96875
10032630,American Express,2024-Q3,496,6.2
10033155,Bank of America,2024-Q3,498,15.5625
10037501,American Express,2024-Q3,496,6.2
10048787,American Express,2024-Q3,496,6.2
10051150,Chase,2024-Q3,743,12.383333333333333
10051591,Bank of America,2024-Q3,498,15.5625
10052181,Discover,2024-Q3,326,10.1875
10052219,Chase,2024-Q3,743,12.383333333333333
10052658,Discover,2024-Q3,326,10.1875
10054190,Citi,2024-Q3,988,30.875
10054603,American Express,2024-Q3,496,6.2
10055615,Discover,2024-Q3,326,10.1875
10056250,Chase,2024-Q3,743,12.383333333333333
10056254,Discover,2024-Q3,326,10.1875
10056364,Citi,2024-Q3,988,30.875
10056686,Synchrony,2024-Q3,799,24.96875
10058887,Citi,2024-Q3,988,30.875
10059531,Capital One,2024-Q3,933,29.15625
10062240,American Express,2024-Q3,496,6.2
10068698,American Express,2024-Q3,496,6.2
10073959,American Express,2024-Q3,496,6.2
10074778,Discover,2024-Q3,326,10.1875
10078304,Bank of America,2024-Q3,498,15.5625
10080222,Bank of America,2024-Q3,498,15.5625
10081400,American Express,2024-Q3,496,6.2
10082363,American Express,2024-Q3,496,6.2
10092190,Citi,2024-Q3,988,30.875
10096390,Citi,2024-Q3,988,30.875
10098233,American Express,2024-Q3,496,6.2
10102982,Bank of America,2024-Q3,498,15.5625
10105886,Bank of America,2024-Q3,498,15.5625
10107301,Synchrony,2024-Q3,799,24.96875
10113822,Discover,2024-Q3,326,10.1875
10113948,Discover,2024-Q3,326,10.1875
10118919,Synchrony,2024-Q3,799,24.96875
10122097,Chase,2024-Q3,743,12.383333333333333
10124318,American Express,2024-Q3,496,6.2
10124865,Discover,2024-Q3,326,10.1875
10125671,Chase,2024-Q3,743,12.383333333333333
10129951,Bank of America,2024-Q3,498,15.5625
10131395,American Express,2024-Q3,496,6.2
10134653,American Express,2024-Q3,496,6.2
10138731,Citi,2024-Q3,988,30.875
10151173,Capital One,2024-Q3,933,29.15625
10155210,Chase,2024-Q3,743,12.383333333333333
10159209,Citi,2024-Q3,988,30.875
10162119,Discover,2024-Q3,326,10.1875
10162123,American Express,2024-Q3,496,6.2
10170438,Bank of America,2024-Q3,498,15.5625
10170595,American Express,2024-Q3,496,6.2
10171814,Chase,2024-Q3,743,12.383333333333333
10173806,Chase,2024-Q3,743,12.383333333333333
10178540,Chase,2024-Q3,743,12.383333333333333
10178567,Discover,2024-Q3,326,10.1875
10183295,Capital One,2024-Q3,933,29.15625
10187999,American Express,2024-Q3,496,6.2
10192222,Chase,2024-Q3,743,12.383333333333333
10195941,American Express,2024-Q3,496,6.2
10197618,Bank of America,2024-Q3,498,15.5625
10198074,Synchrony,2024-Q3,799,24.96875
10201944,Chase,2024-Q3,743,12.383333333333333
10203983,Capital One,2024-Q3,933,29.15625
10208298,Citi,2024-Q3,988,30.875
10217928,Capital One,2024-Q3,933,29.15625
10218454,Chase,2024-Q3,743,12.383333333333333
10220616,American Express,2024-Q3,496,6.2
10221308,Synchrony,2024-Q3,799,24.96875
10225019,Chase,2024-Q3,743,12.383333333333333
10226075,Synchrony,2024-Q3,799,24.96875
10231684,American Express,2024-Q3,496,6.2
10233997,American Express,2024-Q3,496,6.2
10235630,Bank of America,2024-Q3,498,15.5625
10235925,Capital One,2024-Q3,933,29.15625
10236651,Chase,2024-Q3,743,12.383333333333333
10240394,American Express,2024-Q3,496,6.2
10242340,Chase,2024-Q3,743,12.383333333333333
10245428,American Express,2024-Q3,496,6.2
10257159,American Express,2024-Q3,496,6.2
10259506,Discover,2024-Q3,326,10.1875
10260873,Bank of America,2024-Q3,498,15.5625
10266909,Bank of America,2024-Q3,498,15.5625
10267203,American Express,2024-Q3,496,6.2
10267226,Bank of America,2024-Q3,498,15.5625
10268313,American Express,2024-Q3,496,6.2
10271473,Synchrony,2024-Q3,799,24.96875
10272134,Synchrony,2024-Q3,799,24.96875
10272424,Bank of America,2024-Q3,498,15.5625
10272822,American Express,2024-Q3,496,6.2
10277028,Chase,2024-Q3,743,12.383333333333333
10281051,Chase,2024-Q3,743,12.383333333333333
10283225,American Express,2024-Q3,496,6.2
10285826,Chase,2024-Q3,743,12.383333333333333
10287266,Bank of America,2024-Q3,498,15.5625
10289819,Discover,2024-Q4,287,8.96875
10292810,Discover,2024-Q4,287,8.96875
10295147,Chase,2024-Q3,743,12.383333333333333
10296676,Chase,2024-Q3,743,12.383333333333333
10303334,Citi,2024-Q4,952,29.75
10304225,Capital One,2024-Q4,978,30.5625
10305464,Synchrony,2024-Q4,786,24.5625
10305662,American Express,2024-Q4,495,6.1875
10306137,Synchrony,2024-Q4,786,24.5625
10306954,Chase,2024-Q4,720,12.0
10307474,American Express,2024-Q4,495,6.1875
10309926,Synchrony,2024-Q4,786,24.5625
10310086,Citi,2024-Q4,952,29.75
10310099,Citi,2024-Q4,952,29.75
10319158,Capital One,2024-Q4,978,30.5625
10319837,Chase,2024-Q4,720,12.0
10321285,Synchrony,2024-Q4,786,24.5625
10325773,Bank of America,2024-Q4,464,14.5
10330362,Citi,2024-Q4,952,29.75
10330834,Chase,2024-Q4,720,12.0
10332310,Citi,2024-Q4,952,29.75
10335357,Capital One,2024-Q4,978,30.5625
10335890,Capital One,2024-Q4,978,30.5625
10345603,Bank of America,2024-Q4,464,14.5
10346303,American Express,2024-Q4,495,6.1875
10346490,Citi,2024-Q4,952,29.75
10346728,Synchrony,2024-Q4,786,24.5625
10347119,Citi,2024-Q4,952,29.75
10348992,Synchrony,2024-Q4,786,24.5625
10354630,Capital One,2024-Q4,978,30.5625
10355826,Discover,2024-Q4,287,8.96875
10370152,Chase,2024-Q4,720,12.0
10375473,Discover,2024-Q4,287,8.96875
10376268,American Express,2024-Q4,495,6.1875
10379918,Chase,2024-Q4,720,12.0
10381565,Discover,2024-Q4,287,8.96875
10384330,Synchrony,2024-Q4,786,24.5625
10398303,Chase,2024-Q4,720,12.0
10402962,Chase,2024-Q4,720,12.0
10403273,Discover,2024-Q4,287,8.96875
10404788,American Express,2024-Q4,495,6.1875
10411925,American Express,2024-Q4,495,6.1875
10413722,American Express,2024-Q4,495,6.1875
10418549,Discover,2024-Q4,287,8.96875
10418873,Bank of America,2024-Q4,464,14.5
10426304,Chase,2024-Q4,720,12.0
10430093,Citi,2024-Q4,952,29.75
10431603,American Express,2024-Q4,495,6.1875
10434776,Bank of America,2024-Q4,464,14.5
10437825,American Express,2024-Q4,495,6.1875
10440569,Capital One,2024-Q4,978,30.5625
10448398,Discover,2024-Q4,287,8.96875
10448902,Capital One,2024-Q4,978,30.5625
10453554,Capital One,2024-Q4,978,30.5625
10461063,Synchrony,2024-Q4,786,24.5625
10462328,Bank of America,2024-Q4,464,14.5
10462652,Discover,2024-Q4,287,8.96875
10463058,American Express,2024-Q4,495,6.1875
10472111,American Express,2024-Q4,495,6.1875
10487120,Bank of America,2024-Q4,464,14.5
10487493,Chase,2024-Q4,720,12.0
10487504,American Express,2024-Q4,495,6.1875
10487554,Chase,2024-Q4,720,12.0
10491367,Chase,2024-Q4,720,12.0
10498538,American Express,2024-Q4,495,6.1875
10510665,American Express,2024-Q4,495,6.1875
10516846,Discover,2024-Q4,287,8.96875
10522493,Chase,2024-Q4,720,12.0
10524221,Capital One,2024-Q4,978,30.5625
10541832,American Express,2024-Q4,495,6.1875
10546317,Citi,2024-Q4,952,29.75
10548016,Synchrony,2024-Q4,786,24.5625
10550420,American Express,2024-Q4,495,6.1875
10553701,Chase,2024-Q4,720,12.0
10556190,Discover,2024-Q4,287,8.96875
10560941,Bank of America,2024-Q4,464,14.5
10565526,Capital One,2024-Q4,978,30.5625
10567000,American Express,2024-Q4,495,6.1875
10570108,Chase,2024-Q4,720,12.0
10574104,Capital One,2024-Q4,978,30.5625
10577536,Citi,2024-Q4,952,29.75
10577748,Chase,2024-Q4,720,12.0
10579676,American Express,2024-Q4,495,6.1875
10581297,American Express,2024-Q4,495,6.1875
10582776,American Express,2024-Q4,495,6.1875
10582832,Citi,2024-Q4,952,29.75
10583273,Synchrony,2024-Q4,786,24.5625
10586899,Discover,2024-Q4,287,8.96875
10588264,Citi,2024-Q4,952,29.75
10595234,Chase,2024-Q4,720,12.0
10599089,Capital One,2024-Q4,978,30.5625
10600509,Bank of America,2024-Q4,464,14.5
10604273,Citi,2024-Q4,952,29.75
10604625,Discover,2024-Q4,287,8.96875
10605981,Synchrony,2024-Q4,786,24.5625
10621217,Bank of America,2024-Q4,464,14.5
10629692,American Express,2024-Q4,495,6.1875
10632778,Citi,2024-Q4,952,29.75
10633372,American Express,2024-Q4,495,6.1875
10641172,American Express,2024-Q4,495,6.1875
10642466,Synchrony,2024-Q4,786,24.5625
10660158,American Express,2024-Q4,495,6.1875
10660828,American Express,2024-Q4,495,6.1875
10660836,American Express,2024-Q4,495,6.1875
10662244,Chase,2024-Q4,720,12.0
10662591,Chase,2024-Q4,720,12.0
10663275,American Express,2024-Q4,495,6.1875
10669314,Discover,2024-Q4,287,8.96875
10674278,American Express,2024-Q4,495,6.1875
10680893,American Express,2024-Q4,495,6.1875
10682321,Synchrony,2024-Q4,786,24.5625
10683801,Discover,2024-Q4,287,8.96875
10685321,American Express,2024-Q4,495,6.1875
10685644,Citi,2024-Q4,952,29.75
10685765,Synchrony,2024-Q4,786,24.5625
10686002,Capital One,2024-Q4,978,30.5625
10687280,Chase,2024-Q4,720,12.0
10688056,Chase,2024-Q4,720,12.0
10688564,Synchrony,2024-Q4,786,24.5625
10689614,Chase,2024-Q4,720,12.0
10699972,Chase,2024-Q4,720,12.0
10700752,American Express,2024-Q4,495,6.1875
10705115,Bank of America,2024-Q4,464,14.5
10721021,Chase,2024-Q4,720,12.0
10722540,Chase,2024-Q4,720,12.0
10722659,Citi,2024-Q4,952,29.75
10722837,Discover,2024-Q4,287,8.96875
10733518,Capital One,2024-Q4,978,30.5625
10734446,Bank of America,2024-Q4,464,14.5
10737591,American Express,2024-Q4,495,6.1875
10745052,Bank of America,2024-Q4,464,14.5
10746929,Citi,2024-Q4,952,29.75
10747514,American Express,2024-Q4,495,6.1875
10748760,Chase,2024-Q4,720,12.0
10749556,Synchrony,2024-Q4,786,24.5625
10749987,Capital One,2024-Q4,978,30.5625
10754737,Citi,2024-Q4,952,29.75
10766800,American Express,2024-Q4,495,6.1875
10766971,Bank of America,2024-Q4,464,14.5
10768343,Chase,2024-Q4,720,12.0
10769450,Citi,2024-Q4,952,29.75
10769959,Bank of America,2024-Q4,464,14.5
10772172,Synchrony,2024-Q4,786,24.5625
10776046,Capital One,2024-Q4,978,30.5625
10777433,American Express,2024-Q4,495,6.1875
10786684,Chase,2024-Q4,720,12.0
10789173,Citi,2024-Q4,952,29.75
10795727,Chase,2024-Q4,720,12.0
10797893,Bank of America,2024-Q4,464,14.5
10798975,Chase,2024-Q4,720,12.0
10801985,Chase,2024-Q4,720,12.0
10805004,American Express,2024-Q4,495,6.1875
10806024,Synchrony,2024-Q4,786,24.5625
10814540,Chase,2024-Q4,720,12.0
10820961,Chase,2024-Q4,720,12.0
10824938,Bank of America,2024-Q4,464,14.5
10827024,Capital One,2024-Q4,978,30.5625
10827798,American Express,2024-Q4,495,6.1875
10839385,American Express,2024-Q4,495,6.1875
10842877,Chase,2024-Q4,720,12.0
10847381,Synchrony,2024-Q4,786,24.5625
10847525,American Express,2024-Q4,495,6.1875
10848187,Citi,2024-Q4,952,29.75
10851900,American Express,2024-Q4,495,6.1875
10856632,Chase,2024-Q4,720,12.0
10858334,Chase,2024-Q4,720,12.0
10859264,Citi,2024-Q4,952,29.75
10869154,Discover,2024-Q4,287,8.96875
10870538,American Express,2024-Q4,495,6.1875
10870994,Bank of America,2024-Q4,464,14.5
10872398,Citi,2024-Q4,952,29.75
10872816,Synchrony,2024-Q4,786,24.5625
10875323,Discover,2024-Q4,287,8.96875
10879791,Discover,2024-Q4,287,8.96875
10883777,Citi,2024-Q4,952,29.75
10884792,American Express,2024-Q4,495,6.1875
10885316,Citi,2024-Q4,952,29.75
10885323,Chase,2024-Q4,720,12.0
10895894,American Express,2024-Q4,495,6.1875
10900781,Discover,2024-Q4,287,8.96875
10908300,Bank of America,2024-Q4,464,14.5
10911035,Citi,2024-Q4,952,29.75
10915309,Synchrony,2024-Q4,786,24.5625
10918649,Bank of America,2024-Q4,464,14.5
10922935,American Express,2024-Q4,495,6.1875
10923801,Capital One,2024-Q4,978,30.5625
10935381,Citi,2024-Q4,952,29.75
10944673,Bank of America,2024-Q4,464,14.5
10960626,American Express,2024-Q4,495,6.1875
10966050,Chase,2024-Q4,720,12.0
10966488,Bank of America,2024-Q4,464,14.5
10973987,American Express,2024-Q4,495,6.1875
10975533,Chase,2024-Q4,720,12.0
10977082,Capital One,2024-Q4,978,30.5625
10978888,American Express,2024-Q4,495,6.1875
10986983,American Express,2024-Q4,495,6.1875
10987450,Chase,2024-Q4,720,12.0
10987603,Chase,2024-Q4,720,12.0
10987865,American Express,2024-Q4,495,6.1875
10987917,American Express,2024-Q4,495,6.1875
10988282,Discover,2024-Q4,287,8.96875
10993443,Chase,2024-Q4,720,12.0
10994158,Chase,2024-Q4,720,12.0
11010713,Bank of America,2024-Q4,464,14.5
11016368,Synchrony,2024-Q4,786,24.5625
11016453,Capital One,2024-Q4,978,30.5625
11019225,American Express,2024-Q4,495,6.1875
11021728,American Express,2024-Q4,495,6.1875
11028556,Capital One,2024-Q4,978,30.5625
11032433,Capital One,2024-Q4,978,30.5625
11039601,Discover,2024-Q4,287,8.96875
11048746,Capital One,2024-Q4,978,30.5625
11059444,Synchrony,2024-Q4,786,24.5625
11061088,Citi,2024-Q4,952,29.75
11069081,American Express,2024-Q4,495,6.1875
11069728,American Express,2024-Q4,495,6.1875
11072481,American Express,2024-Q4,495,6.1875
11074022,Discover,2024-Q4,287,8.96875
11076201,Discover,2024-Q4,287,8.96875
11078787,Bank of America,2024-Q4,464,14.5
11079716,American Express,2024-Q4,495,6.1875
11079872,Capital One,2024-Q4,978,30.5625
11087826,Bank of America,2024-Q4,464,14.5
11088354,Discover,2024-Q4,287,8.96875
11090723,American Express,2024-Q4,495,6.1875
11095524,Bank of America,2024-Q4,464,14.5
11096130,Discover,2024-Q4,287,8.96875
11097313,Discover,2024-Q4,287,8.96875
11097841,Synchrony,2024-Q4,786,24.5625
11098834,American Express,2024-Q4,495,6.1875
11107011,Chase,2024-Q4,720,12.0
11109317,Citi,2024-Q4,952,29.75
11109633,American Express,2024-Q4,495,6.1875
11110090,Synchrony,2024-Q4,786,24.5625
11112777,American Express,2024-Q4,495,6.1875
11136899,Discover,2024-Q4,287,8.96875
11140498,American Express,2024-Q4,495,6.1875
11140547,American Express,2024-Q4,495,6.1875
11140629,Chase,2024-Q4,720,12.0
11142956,American Express,2024-Q4,495,6.1875
11162148,Capital One,2024-Q4,978,30.5625
11164753,American Express,2024-Q4,495,6.1875
11174211,Synchrony,2024-Q4,786,24.5625
11175013,American Express,2024-Q4,495,6.1875
11186003,Chase,2024-Q4,720,12.0
11191836,Synchrony,2024-Q4,786,24.5625
11193819,Chase,2024-Q4,720,12.0
11194749,Citi,2024-Q4,952,29.75
11195688,Citi,2024-Q4,952,29.75
11199008,American Express,2024-Q4,495,6.1875
11199599,Synchrony,2024-Q4,786,24.5625
11202785,Chase,2024-Q4,720,12.0
11203572,Discover,2024-Q4,287,8.96875
11205252,Citi,2024-Q4,952,29.75
11210462,Bank of America,2024-Q4,464,14.5
11211324,Synchrony,2024-Q4,786,24.5625
11215044,Capital One,2024-Q4,978,30.5625
11217550,Capital One,2024-Q4,978,30.5625
11221533,American Express,2024-Q4,495,6.1875
11221568,Discover,2024-Q4,287,8.96875
11230417,Chase,2024-Q4,720,12.0
11232154,Bank of America,2024-Q4,464,14.5
11232246,Chase,2024-Q4,720,12.0
11233454,American Express,2024-Q4,495,6.1875
11238654,Chase,2024-Q4,720,12.0
11238683,American Express,2024-Q4,495,6.1875
11244737,American Express,2024-Q4,495,6.1875
11253280,American Express,2024-Q4,495,6.1875
11258492,American Express,2024-Q4,495,6.1875
11266700,American Express,2024-Q4,495,6.1875
11275487,Discover,2024-Q4,287,8.96875
11276023,Bank of America,2024-Q4,464,14.5
11276082,Synchrony,2024-Q4,786,24.5625
11283340,Chase,2024-Q4,720,12.0
11283380,Chase,2024-Q4,720,12.0
11285773,Capital One,2024-Q4,978,30.5625
11289069,American Express,2024-Q4,495,6.1875
11289136,Chase,2024-Q4,720,12.0
11289405,Bank of America,2024-Q4,464,14.5
11291256,American Express,2024-Q4,495,6.1875
11293797,Discover,2024-Q4,287,8.96875
11294021,Chase,2024-Q4,720,12.0
11295917,Chase,2024-Q4,720,12.0
11295999,Chase,2024-Q4,720,12.0
11301259,Synchrony,2024-Q4,786,24.5625
11306136,Capital One,2024-Q4,978,30.5625
11306364,American Express,2024-Q4,495,6.1875
11309983,American Express,2024-Q4,495,6.1875
11310245,Bank of America,2024-Q4,464,14.5
11311838,Chase,2024-Q4,720,12.0
11315936,Chase,2024-Q4,720,12.0
11321373,Chase,2024-Q4,720,12.0
11321654,Chase,2024-Q4,720,12.0
11322051,Capital One,2024-Q4,978,30.5625
11322687,American Express,2024-Q4,495,6.1875
11323089,Synchrony,2024-Q4,786,24.5625
11323799,American Express,2024-Q4,495,6.1875
11325641,Capital One,2024-Q4,978,30.5625
11327664,Capital One,2024-Q4,978,30.5625
11330969,American Express,2024-Q4,495,6.1875
11332552,Bank of America,2024-Q4,464,14.5
11332934,Bank of America,2024-Q4,464,14.5
11339019,Citi,2025-Q1,1078,33.6875
11344208,Chase,2025-Q1,785,13.083333333333334
11345679,American Express,2025-Q1,613,7.6625
11346895,Chase,2025-Q1,785,13.083333333333334
11352973,Synchrony,2025-Q1,850,26.5625
11353535,Discover,2025-Q1,329,10.28125
11355327,Chase,2025-Q1,785,13.083333333333334
11359533,American Express,2025-Q1,613,7.6625
11363026,Citi,2025-Q1,1078,33.6875
11366578,Citi,2025-Q1,1078,33.6875
11367791,Synchrony,2025-Q1,850,26.5625
11368776,Chase,2025-Q1,785,13.083333333333334
11382093,Chase,2025-Q1,785,13.083333333333334
11382159,American Express,2025-Q1,613,7.6625
11382216,Discover,2025-Q1,329,10.28125
11388838,Capital One,2025-Q1,1312,41.0
11391482,Synchrony,2025-Q1,850,26.5625
11391826,Synchrony,2025-Q1,850,26.5625
11400177,Discover,2025-Q1,329,10.28125
11401738,Discover,2025-Q1,329,10.28125
11410002,Chase,2025-Q1,785,13.083333333333334
11410466,Chase,2025-Q1,785,13.083333333333334
11410538,American Express,2025-Q1,613,7.6625
11411122,Discover,2025-Q1,329,10.28125
11412294,American Express,2025-Q1,613,7.6625
11415807,Citi,2025-Q1,1078,33.6875
11420009,American Express,2025-Q1,613,7.6625
11423588,Chase,2025-Q1,785,13.083333333333334
11426047,Chase,2025-Q1,785,13.083333333333334
11427983,Chase,2025-Q1,785,13.083333333333334
11428066,American Express,2025-Q1,613,7.6625
11432378,American Express,2025-Q1,613,7.6625
11433065,American Express,2025-Q1,613,7.6625
11442385,American Express,2025-Q1,613,7.6625
11451229,American Express,2025-Q1,613,7.6625
11454586,American Express,2025-Q1,613,7.6625
11454684,Chase,2025-Q1,785,13.083333333333334
11457851,Synchrony,2025-Q1,850,26.5625
11461467,Bank of America,2025-Q1,532,16.625
11466656,Citi,2025-Q1,1078,33.6875
11473939,Citi,2025-Q1,1078,33.6875
11477535,American Express,2025-Q1,613,7.6625
11478079,American Express,2025-Q1,613,7.6625
11479616,Discover,2025-Q1,329,10.28125
11480860,Discover,2025-Q1,329,10.28125
11481218,Discover,2025-Q1,329,10.28125
11491015,Citi,2025-Q1,1078,33.6875
11501006,Chase,2025-Q1,785,13.083333333333334
11504265,Capital One,2025-Q1,1312,41.0
11510604,Chase,2025-Q1,785,13.083333333333334
11513157,American Express,2025-Q1,613,7.6625
11526292,American Express,2025-Q1,613,7.6625
11527795,American Express,2025-Q1,613,7.6625
11539735,Capital One,2025-Q1,1312,41.0
11544905,Chase,2025-Q1,785,13.083333333333334
11545747,Chase,2025-Q1,785,13.083333333333334
11557230,Discover,2025-Q1,329,10.28125
11558633,American Express,2025-Q1,613,7.6625
11564846,Synchrony,2025-Q1,850,26.5625
11565452,Citi,2025-Q1,1078,33.6875
11570174,Capital One,2025-Q1,1312,41.0
11575790,American Express,2025-Q1,613,7.6625
11587044,Discover,2025-Q1,329,10.28125
11587807,Synchrony,2025-Q1,850,26.5625
11592869,Discover,2025-Q1,329,10.28125
11596743,Synchrony,2025-Q1,850,26.5625
11617700,American Express,2025-Q1,613,7.6625
11622479,Citi,2025-Q1,1078,33.6875
11625261,American Express,2025-Q1,613,7.6625
11626375,Discover,2025-Q1,329,10.28125
11627451,American Express,2025-Q1,613,7.6625
11628810,American Express,2025-Q1,613,7.6625
11632834,Capital One,2025-Q1,1312,41.0
11637267,Synchrony,2025-Q1,850,26.5625
11638546,Chase,2025-Q1,785,13.083333333333334
11639834,Chase,2025-Q1,785,13.083333333333334
11648676,American Express,2025-Q1,613,7.6625
11652010,American Express,2025-Q1,613,7.6625
11652865,Chase,2025-Q1,785,13.083333333333334
11666101,Chase,2025-Q1,785,13.083333333333334
11686649,Chase,2025-Q1,785,13.083333333333334
11692992,Synchrony,2025-Q1,850,26.5625
11696709,Synchrony,2025-Q1,850,26.5625
11696852,Capital One,2025-Q1,1312,41.0
11697044,Discover,2025-Q1,329,10.28125
11699500,American Express,2025-Q1,613,7.6625
11702019,Bank of America,2025-Q1,532,16.625
11703147,Bank of America,2025-Q1,532,16.625
11710237,Bank of America,2025-Q1,532,16.625
11717583,Bank of America,2025-Q1,532,16.625
11718543,Chase,2025-Q1,785,13.083333333333334
11728596,American Express,2025-Q1,613,7.6625
11740588,American Express,2025-Q1,613,7.6625
11746140,American Express,2025-Q1,613,7.6625
11747267,American Express,2025-Q1,613,7.6625
11753276,American Express,2025-Q1,613,7.6625
11754000,Capital One,2025-Q1,1312,41.0
11756864,Chase,2025-Q1,785,13.083333333333334
11760808,American Express,2025-Q1,613,7.6625
11770819,American Express,2025-Q1,613,7.6625
11777272,American Express,2025-Q1,613,7.6625
11780324,Bank of America,2025-Q1,532,16.625
11800047,American Express,2025-Q1,613,7.6625
11802403,Capital One,2025-Q1,1312,41.0
11810040,Citi,2025-Q1,1078,33.6875
11811452,Chase,2025-Q1,785,13.083333333333334
11816393,Bank of America,2025-Q1,532,16.625
11823275,Bank of America,2025-Q1,532,16.625
11829037,Bank of America,2025-Q1,532,16.625
11841103,Bank of America,2025-Q1,532,16.625
11842089,American Express,2025-Q1,613,7.6625
11849183,Citi,2025-Q1,1078,33.6875
11852930,Bank of America,2025-Q1,532,16.625
11867721,Discover,2025-Q1,329,10.28125
11868006,Citi,2025-Q1,1078,33.6875
11868165,Synchrony,2025-Q1,850,26.5625
11872128,American Express,2025-Q1,613,7.6625
11874484,Synchrony,2025-Q1,850,26.5625
11874818,Citi,2025-Q1,1078,33.6875
11875772,Capital One,2025-Q1,1312,41.0
11878076,Bank of America,2025-Q1,532,16.625
11886479,Bank of America,2025-Q1,532,16.625
11886972,Synchrony,2025-Q1,850,26.5625
11888300,American Express,2025-Q1,613,7.6625
11890395,Discover,2025-Q1,329,10.28125
11890423,Chase,2025-Q1,785,13.083333333333334
11890700,Chase,2025-Q1,785,13.083333333333334
11894198,Synchrony,2025-Q1,850,26.5625
11894366,American Express,2025-Q1,613,7.6625
11894837,Capital One,2025-Q1,1312,41.0
11895185,Capital One,2025-Q1,1312,41.0
11897322,Chase,2025-Q1,785,13.083333333333334
11898626,American Express,2025-Q1,613,7.6625
11907006,American Express,2025-Q1,613,7.6625
11909532,Chase,2025-Q1,785,13.083333333333334
11911566,Bank of America,2025-Q1,532,16.625
11925454,Citi,2025-Q1,1078,33.6875
11926964,Bank of America,2025-Q1,532,16.625
11930509,Citi,2025-Q1,1078,33.6875
11935638,Capital One,2025-Q1,1312,41.0
11946971,Chase,2025-Q1,785,13.083333333333334
11948291,Bank of America,2025-Q1,532,16.625
11948635,Citi,2025-Q1,1078,33.6875
11951925,Citi,2025-Q1,1078,33.6875
11955887,Capital One,2025-Q1,1312,41.0
11965305,Chase,2025-Q1,785,13.083333333333334
11970110,Synchrony,2025-Q1,850,26.5625
11971338,Synchrony,2025-Q1,850,26.5625
11975395,American Express,2025-Q1,613,7.6625
11986030,Citi,2025-Q1,1078,33.6875
11988920,Chase,2025-Q1,785,13.083333333333334
11989536,Chase,2025-Q1,785,13.083333333333334
11994763,Chase,2025-Q1,785,13.083333333333334
12003170,Citi,2025-Q1,1078,33.6875
12009654,American Express,2025-Q1,613,7.6625
12015361,Chase,2025-Q1,785,13.083333333333334
12032714,Capital One,2025-Q1,1312,41.0
12052802,Discover,2025-Q1,329,10.28125
12053161,Discover,2025-Q1,329,10.28125
12056747,Capital One,2025-Q1,1312,41.0
12059326,American Express,2025-Q1,613,7.6625
12063169,Capital One,2025-Q1,1312,41.0
12073317,Chase,2025-Q1,785,13.083333333333334
12083282,Citi,2025-Q1,1078,33.6875
12093415,Chase,2025-Q1,785,13.083333333333334
12094378,American Express,2025-Q1,613,7.6625
12096841,Citi,2025-Q1,1078,33.6875
12097327,American Express,2025-Q1,613,7.6625
12103781,American Express,2025-Q1,613,7.6625
12104902,Citi,2025-Q1,1078,33.6875
12105682,Discover,2025-Q1,329,10.28125
12106981,Capital One,2025-Q1,1312,41.0
12113682,Capital One,2025-Q1,1312,41.0
12116757,American Express,2025-Q1,613,7.6625
12117188,American Express,2025-Q1,613,7.6625
12125277,Synchrony,2025-Q1,850,26.5625
12132325,American Express,2025-Q1,613,7.6625
12136586,Discover,2025-Q1,329,10.28125
12136698,Bank of America,2025-Q1,532,16.625
12138026,Synchrony,2025-Q1,850,26.5625
12139487,Capital One,2025-Q1,1312,41.0
12142249,American Express,2025-Q1,613,7.6625
12142835,American Express,2025-Q1,613,7.6625
12153804,Discover,2025-Q1,329,10.28125
12160547,American Express,2025-Q1,613,7.6625
12160936,Chase,2025-Q1,785,13.083333333333334
12161038,Chase,2025-Q1,785,13.083333333333334
12162139,Discover,2025-Q1,329,10.28125
12166242,Discover,2025-Q1,329,10.28125
12168391,Synchrony,2025-Q1,850,26.5625
12173496,American Express,2025-Q1,613,7.6625
12177357,Synchrony,2025-Q1,850,26.5625
12178751,Chase,2025-Q1,785,13.083333333333334
12179078,Chase,2025-Q1,785,13.083333333333334
12182413,American Express,2025-Q1,613,7.6625
12185017,Bank of America,2025-Q1,532,16.625
12219727,American Express,2025-Q1,613,7.6625
12224032,Citi,2025-Q1,1078,33.6875
12225824,Capital One,2025-Q1,1312,41.0
12225923,Discover,2025-Q1,329,10.28125
12229160,American Express,2025-Q1,613,7.6625
12240421,Capital One,2025-Q1,1312,41.0
12242423,Citi,2025-Q1,1078,33.6875
12242785,American Express,2025-Q1,613,7.6625
12244213,Bank of America,2025-Q1,532,16.625
12258932,Capital One,2025-Q1,1312,41.0
12259185,American Express,2025-Q1,613,7.6625
12265714,Chase,2025-Q1,785,13.083333333333334
12271454,Synchrony,2025-Q1,850,26.5625
12273557,Synchrony,2025-Q1,850,26.5625
12286912,American Express,2025-Q1,613,7.6625
12294499,American Express,2025-Q1,613,7.6625
12296543,Chase,2025-Q1,785,13.083333333333334
12302202,Discover,2025-Q1,329,10.28125
12304635,Bank of America,2025-Q1,532,16.625
12308157,Chase,2025-Q1,785,13.083333333333334
12309017,Bank of America,2025-Q1,532,16.625
12311408,Chase,2025-Q1,785,13.083333333333334
12313329,Capital One,2025-Q1,1312,41.0
12314227,Citi,2025-Q1,1078,33.6875
12315024,American Express,2025-Q1,613,7.6625
12327223,Discover,2025-Q1,329,10.28125
12327693,Discover,2025-Q1,329,10.28125
12338672,American Express,2025-Q1,613,7.6625
12349758,Chase,2025-Q1,785,13.083333333333334
12353953,Synchrony,2025-Q1,850,26.5625
12362296,Citi,2025-Q1,1078,33.6875
12366633,Chase,2025-Q1,785,13.083333333333334
12369898,Citi,2025-Q1,1078,33.6875
12371314,Chase,2025-Q1,785,13.083333333333334
12379806,Chase,2025-Q1,785,13.083333333333334
12380210,Capital One,2025-Q1,1312,41.0
12383463,Synchrony,2025-Q1,850,26.5625
12395469,Bank of America,2025-Q1,532,16.625
12406752,American Express,2025-Q1,613,7.6625
12407692,Discover,2025-Q1,329,10.28125
12409516,Bank of America,2025-Q1,532,16.625
12421325,Chase,2025-Q1,785,13.083333333333334
12423073,American Express,2025-Q1,613,7.6625
12451768,American Express,2025-Q1,613,7.6625
12454991,American Express,2025-Q1,613,7.6625
12475645,Synchrony,2025-Q1,850,26.5625
12479938,American Express,2025-Q1,613,7.6625
12483979,Discover,2025-Q1,329,10.28125
12493588,Bank of America,2025-Q1,532,16.625
12506564,American Express,2025-Q1,613,7.6625
12510889,Chase,2025-Q1,785,13.083333333333334
12512284,Synchrony,2025-Q1,850,26.5625
12513305,Chase,2025-Q1,785,13.083333333333334
12531820,Capital One,2025-Q1,1312,41.0
12536065,Bank of America,2025-Q1,532,16.625
12536696,Capital One,2025-Q1,1312,41.0
12543906,Chase,2025-Q1,785,13.083333333333334
12551940,American Express,2025-Q1,613,7.6625
12554280,Citi,2025-Q1,1078,33.6875
12559231,Chase,2025-Q1,785,13.083333333333334
12560987,Citi,2025-Q1,1078,33.6875
12565578,Bank of America,2025-Q1,532,16.625
12567817,Chase,2025-Q1,785,13.083333333333334
12570326,Synchrony,2025-Q1,850,26.5625
12570750,Synchrony,2025-Q1,850,26.5625
12577903,American Express,2025-Q1,613,7.6625
12584672,Citi,2025-Q1,1078,33.6875
12594137,Discover,2025-Q1,329,10.28125
12600514,Bank of America,2025-Q1,532,16.625
12606815,Synchrony,2025-Q1,850,26.5625
12607759,Capital One,2025-Q1,1312,41.0
12619840,Chase,2025-Q1,785,13.083333333333334
12621814,Citi,2025-Q1,1078,33.6875
12625445,Bank of America,2025-Q1,532,16.625
12625956,Bank of America,2025-Q1,532,16.625
12634387,Chase,2025-Q1,785,13.083333333333334
12643969,Synchrony,2025-Q1,850,26.5625
12645380,American Express,2025-Q1,613,7.6625
12650627,Capital One,2025-Q1,1312,41.0
12655690,Capital One,2025-Q1,1312,41.0
12657746,Chase,2025-Q1,785,13.083333333333334
12667143,Discover,2025-Q1,329,10.28125
12677893,Capital One,2025-Q1,1312,41.0
12679501,Citi,2025-Q1,1078,33.6875
12681855,Chase,2025-Q1,785,13.083333333333334
12688905,Chase,2025-Q1,785,13.083333333333334
12689549,American Express,2025-Q1,613,7.6625
12691040,Bank of America,2025-Q1,532,16.625
12698174,Capital One,2025-Q1,1312,41.0
12699264,American Express,2025-Q1,613,7.6625
12699309,Discover,2025-Q1,329,10.28125
12700437,American Express,2025-Q1,613,7.6625
12707898,Chase,2025-Q1,785,13.083333333333334
12712107,American Express,2025-Q1,613,7.6625
12720360,Chase,2025-Q1,785,13.083333333333334
12721246,Synchrony,2025-Q1,850,26.5625
12729425,American Express,2025-Q1,613,7.6625
12729671,Bank of America,2025-Q1,532,16.625
12729895,American Express,2025-Q1,613,7.6625
12737771,Discover,2025-Q1,329,10.28125
12741469,Capital One,2025-Q1,1312,41.0
12746543,American Express,2025-Q1,613,7.6625
12746702,Bank of America,2025-Q1,532,16.625
12748189,Citi,2025-Q2,1062,33.1875
12751435,American Express,2025-Q1,613,7.6625
12759436,Chase,2025-Q2,757,12.616666666666667
12759498,Synchrony,2025-Q2,908,28.375
12766529,Chase,2025-Q2,757,12.616666666666667
12783251,Chase,2025-Q2,757,12.616666666666667
12789496,Bank of America,2025-Q2,508,15.875
12791676,American Express,2025-Q2,728,9.1
12796720,Citi,2025-Q2,1062,33.1875
12799307,American Express,2025-Q2,728,9.1
12807293,American Express,2025-Q2,728,9.1
12810718,Bank of America,2025-Q2,508,15.875
12812861,Citi,2025-Q2,1062,33.1875
12819223,Discover,2025-Q2,363,11.34375
12821578,Synchrony,2025-Q2,908,28.375
12823997,Synchrony,2025-Q2,908,28.375
12870425,Chase,2025-Q2,757,12.616666666666667
12873527,Chase,2025-Q2,757,12.616666666666667
12880505,Chase,2025-Q2,757,12.616666666666667
12882537,Discover,2025-Q2,363,11.34375
12890746,American Express,2025-Q2,728,9.1
12896150,Discover,2025-Q2,363,11.34375
12909377,American Express,2025-Q2,728,9.1
12915282,Discover,2025-Q2,363,11.34375
12919030,Chase,2025-Q2,757,12.616666666666667
12933657,American Express,2025-Q2,728,9.1
12933991,Chase,2025-Q2,757,12.616666666666667
12944841,American Express,2025-Q2,728,9.1
12955187,Synchrony,2025-Q2,908,28.375
12962527,American Express,2025-Q2,728,9.1
12963005,Capital One,2025-Q2,1318,41.1875
12969600,Bank of America,2025-Q2,508,15.875
12987076,Chase,2025-Q2,757,12.616666666666667
12991628,Chase,2025-Q2,757,12.616666666666667
12993864,Chase,2025-Q2,757,12.616666666666667
12994471,Chase,2025-Q2,757,12.616666666666667
13004940,American Express,2025-Q2,728,9.1
13008221,American Express,2025-Q2,728,9.1
13015784,Synchrony,2025-Q2,908,28.375
13026773,Discover,2025-Q2,363,11.34375
13029841,Discover,2025-Q2,363,11.34375
13041370,Citi,2025-Q2,1062,33.1875
13042617,Discover,2025-Q2,363,11.34375
13043126,Bank of America,2025-Q2,508,15.875
13045968,American Express,2025-Q2,728,9.1
13050636,Citi,2025-Q2,1062,33.1875
13059617,Chase,2025-Q2,757,12.616666666666667
13065742,Discover,2025-Q2,363,11.34375
13066644,Capital One,2025-Q2,1318,41.1875
13068324,American Express,2025-Q2,728,9.1
13069966,American Express,2025-Q2,728,9.1
13094904,American Express,2025-Q2,728,9.1
13100033,Chase,2025-Q2,757,12.616666666666667
13100600,Discover,2025-Q2,363,11.34375
13105987,Chase,2025-Q2,757,12.616666666666667
13111574,Synchrony,2025-Q2,908,28.375
13119283,Discover,2025-Q2,363,11.34375
13123600,Citi,2025-Q2,1062,33.1875
13133162,American Express,2025-Q2,728,9.1
13150905,Chase,2025-Q2,757,12.616666666666667
13155679,American Express,2025-Q2,728,9.1
13157331,Synchrony,2025-Q2,908,28.375
13177782,Capital One,2025-Q2,1318,41.1875
13178385,Bank of America,2025-Q2,508,15.875
13193372,American Express,2025-Q2,728,9.1
13195054,Discover,2025-Q2,363,11.34375
13204190,Discover,2025-Q2,363,11.34375
13208469,American Express,2025-Q2,728,9.1
13214397,Synchrony,2025-Q2,908,28.375
13220751,Citi,2025-Q2,1062,33.1875
13223526,Discover,2025-Q2,363,11.34375
13225012,American Express,2025-Q2,728,9.1
13231599,Bank of America,2025-Q2,508,15.875
13235833,Synchrony,2025-Q2,908,28.375
13250516,Bank of America,2025-Q2,508,15.875
13250562,American Express,2025-Q2,728,9.1
13251560,Citi,2025-Q2,1062,33.1875
13256862,American Express,2025-Q2,728,9.1
13258058,Bank of America,2025-Q2,508,15.875
13260650,American Express,2025-Q2,728,9.1
13261282,American Express,2025-Q2,728,9.1
13273545,Synchrony,2025-Q2,908,28.375
13274200,Chase,2025-Q2,757,12.616666666666667
13276578,Chase,2025-Q2,757,12.616666666666667
13279962,Synchrony,2025-Q2,908,28.375
13288612,Bank of America,2025-Q2,508,15.875
13296083,Bank of America,2025-Q2,508,15.875
13300987,Discover,2025-Q2,363,11.34375
13303100,Citi,2025-Q2,1062,33.1875
13304825,American Express,2025-Q2,728,9.1
13306675,Bank of America,2025-Q2,508,15.875
13313445,Citi,2025-Q2,1062,33.1875
13317865,Citi,2025-Q2,1062,33.1875
13332653,Synchrony,2025-Q2,908,28.375
13332844,Citi,2025-Q2,1062,33.1875
13334555,Chase,2025-Q2,757,12.616666666666667
13344504,American Express,2025-Q2,728,9.1
13346931,Capital One,2025-Q2,1318,41.1875
13347411,American Express,2025-Q2,728,9.1
13355247,Chase,2025-Q2,757,12.616666666666667
13357485,Chase,2025-Q2,757,12.616666666666667
13367960,Discover,2025-Q2,363,11.34375
13372406,Capital One,2025-Q2,1318,41.1875
13379669,Bank of America,2025-Q2,508,15.875
13384539,American Express,2025-Q2,728,9.1
13397238,Citi,2025-Q2,1062,33.1875
13398586,American Express,2025-Q2,728,9.1
13415002,American Express,2025-Q2,728,9.1
13416539,Chase,2025-Q2,757,12.616666666666667
13419319,Bank of America,2025-Q2,508,15.875
13430227,American Express,2025-Q2,728,9.1
13440989,Bank of America,2025-Q2,508,15.875
13450530,Capital One,2025-Q2,1318,41.1875
13455109,Capital One,2025-Q2,1318,41.1875
13455672,Synchrony,2025-Q2,908,28.375
13455908,Citi,2025-Q2,1062,33.1875
13457771,American Express,2025-Q2,728,9.1
13457989,Synchrony,2025-Q2,908,28.375
13458132,American Express,2025-Q2,728,9.1
13462175,Discover,2025-Q2,363,11.34375
13470730,Capital One,2025-Q2,1318,41.1875
13496958,Discover,2025-Q2,363,11.34375
13499844,Synchrony,2025-Q2,908,28.375
13518088,Chase,2025-Q2,757,12.616666666666667
13521496,American Express,2025-Q2,728,9.1
13522570,Bank of America,2025-Q2,508,15.875
13529762,Citi,2025-Q2,1062,33.1875
13534769,Chase,2025-Q2,757,12.616666666666667
13549774,Chase,2025-Q2,757,12.616666666666667
13550623,Chase,2025-Q2,757,12.616666666666667
13566253,Discover,2025-Q2,363,11.34375
13571197,American Express,2025-Q2,728,9.1
13575314,American Express,2025-Q2,728,9.1
13575348,Chase,2025-Q2,757,12.616666666666667
13575645,Citi,2025-Q2,1062,33.1875
13577121,Chase,2025-Q2,757,12.616666666666667
13577730,Capital One,2025-Q2,1318,41.1875
13583462,American Express,2025-Q2,728,9.1
13584440,Chase,2025-Q2,757,12.616666666666667
13587562,Bank of America,2025-Q2,508,15.875
13590955,Bank of America,2025-Q2,508,15.875
13600313,Synchrony,2025-Q2,908,28.375
13600448,Synchrony,2025-Q2,908,28.375
13612045,Chase,2025-Q2,757,12.616666666666667
13620280,Chase,2025-Q2,757,12.616666666666667
13622881,American Express,2025-Q2,728,9.1
13625080,Citi,2025-Q2,1062,33.1875
13638664,Discover,2025-Q2,363,11.34375
13642841,American Express,2025-Q2,728,9.1
13654451,Chase,2025-Q2,757,12.616666666666667
13654996,Bank of America,2025-Q2,508,15.875
13657276,Bank of America,2025-Q2,508,15.875
13659069,Capital One,2025-Q2,1318,41.1875
13661193,Chase,2025-Q2,757,12.616666666666667
13663880,Capital One,2025-Q2,1318,41.1875
13670237,American Express,2025-Q2,728,9.1
13683306,Synchrony,2025-Q2,908,28.375
13687948,Capital One,2025-Q2,1318,41.1875
13688489,Capital One,2025-Q2,1318,41.1875
13695406,Chase,2025-Q2,757,12.616666666666667
13695790,Synchrony,2025-Q2,908,28.375
13699139,Citi,2025-Q2,1062,33.1875
13699197,Chase,2025-Q2,757,12.616666666666667
13699525,Synchrony,2025-Q2,908,28.375
13701016,American Express,2025-Q2,728,9.1
13705462,Discover,2025-Q2,363,11.34375
13709386,Synchrony,2025-Q2,908,28.375
13725475,Discover,2025-Q2,363,11.34375
13727694,American Express,2025-Q2,728,9.1
13738262,Chase,2025-Q2,757,12.616666666666667
13740218,Discover,2025-Q2,363,11.34375
13745755,Discover,2025-Q2,363,11.34375
13750730,Synchrony,2025-Q2,908,28.375
13751099,Citi,2025-Q2,1062,33.1875
13754075,Synchrony,2025-Q2,908,28.375
13766764,Synchrony,2025-Q2,908,28.375
13774719,Capital One,2025-Q2,1318,41.1875
13781500,Chase,2025-Q2,757,12.616666666666667
13787234,Bank of America,2025-Q2,508,15.875
13791783,Citi,2025-Q2,1062,33.1875
13798219,American Express,2025-Q2,728,9.1
13803400,Chase,2025-Q2,757,12.616666666666667
13809574,American Express,2025-Q2,728,9.1
13811138,Bank of America,2025-Q2,508,15.875
13825313,Chase,2025-Q2,757,12.616666666666667
13826662,Capital One,2025-Q2,1318,41.1875
13831754,Synchrony,2025-Q2,908,28.375
13862421,American Express,2025-Q2,728,9.1
13868238,Capital One,2025-Q2,1318,41.1875
13888224,American Express,2025-Q2,728,9.1
13905254,Citi,2025-Q2,1062,33.1875
13913489,Capital One,2025-Q2,1318,41.1875
13918428,Capital One,2025-Q2,1318,41.1875
13930971,American Express,2025-Q2,728,9.1
13931097,Chase,2025-Q2,757,12.616666666666667
13931801,Chase,2025-Q2,757,12.616666666666667
13935786,Chase,2025-Q2,757,12.616666666666667
13945636,American Express,2025-Q2,728,9.1
13948629,Citi,2025-Q2,1062,33.1875
13950191,American Express,2025-Q2,728,9.1
13951852,American Express,2025-Q2,728,9.1
13955357,Synchrony,2025-Q2,908,28.375
13955431,Capital One,2025-Q2,1318,41.1875
13956079,Synchrony,2025-Q2,908,28.375
13959116,American Express,2025-Q2,728,9.1
13962319,Capital One,2025-Q2,1318,41.1875
13971111,Bank of America,2025-Q2,508,15.875
13972555,Citi,2025-Q2,1062,33.1875
13972679,Chase,2025-Q2,757,12.616666666666667
13974391,American Express,2025-Q2,728,9.1
13974565,American Express,2025-Q2,728,9.1
13976342,Bank of America,2025-Q2,508,15.875
13982505,Bank of America,2025-Q2,508,15.875
13982582,American Express,2025-Q2,728,9.1
13983723,Discover,2025-Q2,363,11.34375
13993264,Chase,2025-Q2,757,12.616666666666667
13999144,Capital One,2025-Q2,1318,41.1875
13999420,American Express,2025-Q2,728,9.1
14001173,Bank of America,2025-Q2,508,15.875
14002966,Capital One,2025-Q2,1318,41.1875
14005729,Discover,2025-Q2,363,11.34375
14008097,American Express,2025-Q2,728,9.1
14017508,Capital One,2025-Q2,1318,41.1875
14017741,Synchrony,2025-Q2,908,28.375
14022040,American Express,2025-Q2,728,9.1
14024887,Discover,2025-Q2,363,11.34375
14026201,Synchrony,2025-Q2,908,28.375
14026260,Chase,2025-Q2,757,12.616666666666667
14027149,Discover,2025-Q2,363,11.34375
14036513,American Express,2025-Q2,728,9.1
14036556,Chase,2025-Q2,757,12.616666666666667
14037240,Chase,2025-Q2,757,12.616666666666667
14041236,American Express,2025-Q2,728,9.1
14041424,Capital One,2025-Q2,1318,41.1875
14049863,Citi,2025-Q2,1062,33.1875
14063638,Citi,2025-Q2,1062,33.1875
14064573,Capital One,2025-Q2,1318,41.1875
14065535,Chase,2025-Q2,757,12.616666666666667
14078817,Citi,2025-Q2,1062,33.1875
14087600,American Express,2025-Q2,728,9.1
14090292,Chase,2025-Q2,757,12.616666666666667
14095737,Synchrony,2025-Q2,908,28.375
14097972,Discover,2025-Q2,363,11.34375
14112568,American Express,2025-Q2,728,9.1
14124051,Citi,2025-Q2,1062,33.1875
14133304,Citi,2025-Q2,1062,33.1875
14137362,Discover,2025-Q2,363,11.34375
14143601,Synchrony,2025-Q2,908,28.375
14146356,Citi,2025-Q2,1062,33.1875
14147007,Synchrony,2025-Q2,908,28.375
14149130,American Express,2025-Q2,728,9.1
14152121,American Express,2025-Q2,728,9.1
14152655,American Express,2025-Q2,728,9.1
14152825,Chase,2025-Q2,757,12.616666666666667
14169933,American Express,2025-Q2,728,9.1
14183479,American Express,2025-Q2,728,9.1
14189660,Chase,2025-Q2,757,12.616666666666667
14192206,American Express,2025-Q2,728,9.1
14206445,Discover,2025-Q2,363,11.34375
14218913,American Express,2025-Q2,728,9.1
14223500,Capital One,2025-Q2,1318,41.1875
14226147,American Express,2025-Q2,728,9.1
14237623,Chase,2025-Q2,757,12.616666666666667
14240759,Bank of America,2025-Q2,508,15.875
14242561,Bank of America,2025-Q2,508,15.875
14242865,American Express,2025-Q2,728,9.1
14265501,American Express,2025-Q2,728,9.1
14267688,American Express,2025-Q2,728,9.1
14269387,Bank of America,2025-Q2,508,15.875
14282393,Citi,2025-Q2,1062,33.1875
14283154,Capital One,2025-Q2,1318,41.1875
14288935,Chase,2025-Q2,757,12.616666666666667
14289198,Capital One,2025-Q2,1318,41.1875
14291381,Chase,2025-Q2,757,12.616666666666667
14292129,Chase,2025-Q2,757,12.616666666666667
14298115,Capital One,2025-Q2,1318,41.1875
14298635,Chase,2025-Q2,757,12.616666666666667
14299870,American Express,2025-Q2,728,9.1
14304324,Capital One,2025-Q2,1318,41.1875
14306595,Capital One,2025-Q2,1318,41.1875
14308788,American Express,2025-Q2,728,9.1
14310168,Chase,2025-Q2,757,12.616666666666667
14313481,Chase,2025-Q2,757,12.616666666666667
14314850,Discover,2025-Q2,363,11.34375
14317351,Bank of America,2025-Q2,508,15.875
14317998,American Express,2025-Q2,728,9.1
14318279,Chase,2025-Q2,757,12.616666666666667
14324041,Citi,2025-Q2,1062,33.1875
14328736,Discover,2025-Q2,363,11.34375
14339714,Chase,2025-Q2,757,12.616666666666667
14340494,American Express,2025-Q2,728,9.1
14347328,Bank of America,2025-Q2,508,15.875
14347418,American Express,2025-Q2,728,9.1
14359175,American Express,2025-Q2,728,9.1
14360745,American Express,2025-Q2,728,9.1
14360887,Capital One,2025-Q2,1318,41.1875
14370326,American Express,2025-Q2,728,9.1
14372020,Citi,2025-Q2,1062,33.1875
14374398,Bank of America,2025-Q2,508,15.875
14376095,American Express,2025-Q2,728,9.1
14378288,Bank of America,2025-Q2,508,15.875
14387958,Synchrony,2025-Q3,1062,33.1875
14388226,Citi,2025-Q3,1200,37.5
14397251,Chase,2025-Q3,838,13.966666666666667
14399791,Capital One,2025-Q3,1474,46.0625
14402453,Chase,2025-Q3,838,13.966666666666667
14403042,Citi,2025-Q3,1200,37.5
14405137,American Express,2025-Q3,659,8.2375
14410986,Chase,2025-Q3,838,13.966666666666667
14415168,American Express,2025-Q3,659,8.2375
14419273,American Express,2025-Q3,659,8.2375
14422040,Bank of America,2025-Q3,554,17.3125
14424599,Capital One,2025-Q3,1474,46.0625
14425688,Synchrony,2025-Q3,1062,33.1875
14426566,Capital One,2025-Q3,1474,46.0625
14426978,Capital One,2025-Q3,1474,46.0625
14431481,Synchrony,2025-Q3,1062,33.1875
14438367,American Express,2025-Q3,659,8.2375
14442605,Discover,2025-Q3,377,11.78125
14444586,Chase,2025-Q3,838,13.966666666666667
14445709,American Express,2025-Q3,659,8.2375
14450309,Chase,2025-Q3,838,13.966666666666667
14476811,Citi,2025-Q3,1200,37.5
14478361,Citi,2025-Q3,1200,37.5
14479565,American Express,2025-Q3,659,8.2375
14482292,Discover,2025-Q3,377,11.78125
14494197,Discover,2025-Q3,377,11.78125
14494701,American Express,2025-Q3,659,8.2375
14497890,Discover,2025-Q3,377,11.78125
14500844,Chase,2025-Q3,838,13.966666666666667
14505047,Chase,2025-Q3,838,13.966666666666667
14508587,American Express,2025-Q3,659,8.2375
14518432,American Express,2025-Q3,659,8.2375
14522327,Chase,2025-Q3,838,13.966666666666667
14529144,Capital One,2025-Q3,1474,46.0625
14529633,American Express,2025-Q3,659,8.2375
14543425,Bank of America,2025-Q3,554,17.3125
14550944,American Express,2025-Q3,659,8.2375
14558894,American Express,2025-Q3,659,8.2375
14559124,Citi,2025-Q3,1200,37.5
14572596,Chase,2025-Q3,838,13.966666666666667
14578217,American Express,2025-Q3,659,8.2375
14587465,Discover,2025-Q3,377,11.78125
14588988,American Express,2025-Q3,659,8.2375
14596461,Capital One,2025-Q3,1474,46.0625
14598152,Discover,2025-Q3,377,11.78125
14600206,Bank of America,2025-Q3,554,17.3125
14602458,American Express,2025-Q3,659,8.2375
14612035,Chase,2025-Q3,838,13.966666666666667
14630186,American Express,2025-Q3,659,8.2375
14631594,Citi,2025-Q3,1200,37.5
14640875,Capital One,2025-Q3,1474,46.0625
14641572,Chase,2025-Q3,838,13.966666666666667
14644734,Synchrony,2025-Q3,1062,33.1875
14650452,Bank of America,2025-Q3,554,17.3125
14651094,Synchrony,2025-Q3,1062,33.1875
14664532,Bank of America,2025-Q3,554,17.3125
14666183,American Express,2025-Q3,659,8.2375
14667944,Discover,2025-Q3,377,11.78125
14668229,Citi,2025-Q3,1200,37.5
14687231,Citi,2025-Q3,1200,37.5
14688862,American Express,2025-Q3,659,8.2375
14692986,American Express,2025-Q3,659,8.2375
14704948,Discover,2025-Q3,377,11.78125
14710356,American Express,2025-Q3,659,8.2375
14713407,Chase,2025-Q3,838,13.966666666666667
14714365,Capital One,2025-Q3,1474,46.0625
14714558,American Express,2025-Q3,659,8.2375
14734515,Citi,2025-Q3,1200,37.5
14736274,American Express,2025-Q3,659,8.2375
14738523,Bank of America,2025-Q3,554,17.3125
14744050,Synchrony,2025-Q3,1062,33.1875
14750048,Bank of America,2025-Q3,554,17.3125
14767452,Chase,2025-Q3,838,13.966666666666667
14782830,Citi,2025-Q3,1200,37.5
14784892,Chase,2025-Q3,838,13.966666666666667
14786024,Chase,2025-Q3,838,13.966666666666667
14800604,Bank of America,2025-Q3,554,17.3125
14801463,Bank of America,2025-Q3,554,17.3125
14804057,American Express,2025-Q3,659,8.2375
14804758,American Express,2025-Q3,659,8.2375
14839320,American Express,2025-Q3,659,8.2375
14839358,Chase,2025-Q3,838,13.966666666666667
14854784,Synchrony,2025-Q3,1062,33.1875
14856072,American Express,2025-Q3,659,8.2375
14856756,Chase,2025-Q3,838,13.966666666666667
14857067,American Express,2025-Q3,659,8.2375
14869459,Discover,2025-Q3,377,11.78125
14874421,Capital One,2025-Q3,1474,46.0625
14878871,Capital One,2025-Q3,1474,46.0625
14883355,American Express,2025-Q3,659,8.2375
14884300,Chase,2025-Q3,838,13.966666666666667
14896003,Synchrony,2025-Q3,1062,33.1875
14902570,Chase,2025-Q3,838,13.966666666666667
14908251,American Express,2025-Q3,659,8.2375
14909577,Discover,2025-Q3,377,11.78125
14909867,Discover,2025-Q3,377,11.78125
14911985,American Express,2025-Q3,659,8.2375
14924071,Capital One,2025-Q3,1474,46.0625
14928258,Chase,2025-Q3,838,13.966666666666667
14940035,Citi,2025-Q3,1200,37.5
14941981,Discover,2025-Q3,377,11.78125
14942269,Synchrony,2025-Q3,1062,33.1875
14946625,Synchrony,2025-Q3,1062,33.1875
14947967,American Express,2025-Q3,659,8.2375
14950527,Synchrony,2025-Q3,1062,33.1875
14961676,Chase,2025-Q3,838,13.966666666666667
14966678,Chase,2025-Q3,838,13.966666666666667
14970193,Chase,2025-Q3,838,13.966666666666667
14977908,Synchrony,2025-Q3,1062,33.1875
14992710,Citi,2025-Q3,1200,37.5
15003053,Capital One,2025-Q3,1474,46.0625
15004457,Chase,2025-Q3,838,13.966666666666667
15016506,Discover,2025-Q3,377,11.78125
15016612,Discover,2025-Q3,377,11.78125
15017779,Chase,2025-Q3,838,13.966666666666667
15025630,Bank of America,2025-Q3,554,17.3125
15030696,Chase,2025-Q3,838,13.966666666666667
15034496,Chase,2025-Q3,838,13.966666666666667
15035172,American Express,2025-Q3,659,8.2375
15043387,American Express,2025-Q3,659,8.2375
15066427,Synchrony,2025-Q3,1062,33.1875
15067868,Discover,2025-Q3,377,11.78125
15073770,Bank of America,2025-Q3,554,17.3125
15074017,Discover,2025-Q3,377,11.78125
15094339,Citi,2025-Q3,1200,37.5
15100253,Bank of America,2025-Q3,554,17.3125
15100357,American Express,2025-Q3,659,8.2375
15114249,Citi,2025-Q3,1200,37.5
15115203,American Express,2025-Q3,659,8.2375
15121112,Capital One,2025-Q3,1474,46.0625
15121314,Chase,2025-Q3,838,13.966666666666667
15124455,Citi,2025-Q3,1200,37.5
15127124,Capital One,2025-Q3,1474,46.0625
15127603,Citi,2025-Q3,1200,37.5
15133832,Chase,2025-Q3,838,13.966666666666667
15152221,American Express,2025-Q3,659,8.2375
15159511,Capital One,2025-Q3,1474,46.0625
15159516,Bank of America,2025-Q3,554,17.3125
15159523,American Express,2025-Q3,659,8.2375
15159792,Discover,2025-Q3,377,11.78125
15162335,Synchrony,2025-Q3,1062,33.1875
15165860,Citi,2025-Q3,1200,37.5
15172705,Chase,2025-Q3,838,13.966666666666667
15185108,Chase,2025-Q3,838,13.966666666666667
15187303,American Express,2025-Q3,659,8.2375
15194211,American Express,2025-Q3,659,8.2375
15199220,Chase,2025-Q3,838,13.966666666666667
15214303,Chase,2025-Q3,838,13.966666666666667
15217405,Bank of America,2025-Q3,554,17.3125
15222768,American Express,2025-Q3,659,8.2375
15227812,American Express,2025-Q3,659,8.2375
15239211,Citi,2025-Q3,1200,37.5
15255102,Synchrony,2025-Q3,1062,33.1875
15255598,Bank of America,2025-Q3,554,17.3125
15255649,Chase,2025-Q3,838,13.966666666666667
15269627,Chase,2025-Q3,838,13.966666666666667
15271058,Discover,2025-Q3,377,11.78125
15289507,American Express,2025-Q3,659,8.2375
15293102,Chase,2025-Q3,838,13.966666666666667
15296302,Bank of America,2025-Q3,554,17.3125
15308193,Chase,2025-Q3,838,13.966666666666667
15316397,Chase,2025-Q3,838,13.966666666666667
15328112,Discover,2025-Q3,377,11.78125
15329421,Synchrony,2025-Q3,1062,33.1875
15329615,American Express,2025-Q3,659,8.2375
15330289,Citi,2025-Q3,1200,37.5
15333251,Chase,2025-Q3,838,13.966666666666667
15337596,Capital One,2025-Q3,1474,46.0625
15338016,Bank of America,2025-Q3,554,17.3125
15353820,American Express,2025-Q3,659,8.2375
15372522,Bank of America,2025-Q3,554,17.3125
15373525,Bank of America,2025-Q3,554,17.3125
15376494,American Express,2025-Q3,659,8.2375
15376858,Synchrony,2025-Q3,1062,33.1875
15379288,Chase,2025-Q3,838,13.966666666666667
15404978,Citi,2025-Q3,1200,37.5
15452858,Chase,2025-Q3,838,13.966666666666667
15455096,Capital One,2025-Q3,1474,46.0625
15456730,American Express,2025-Q3,659,8.2375
15471532,American Express,2025-Q3,659,8.2375
15477428,American Express,2025-Q3,659,8.2375
15477812,Capital One,2025-Q3,1474,46.0625
15494202,Synchrony,2025-Q3,1062,33.1875
15500220,Capital One,2025-Q3,1474,46.0625
15521038,Chase,2025-Q3,838,13.966666666666667
15525416,Discover,2025-Q3,377,11.78125
15539908,Citi,2025-Q3,1200,37.5
15542185,Capital One,2025-Q3,1474,46.0625
15552782,Capital One,2025-Q3,1474,46.0625
15553139,Capital One,2025-Q3,1474,46.0625
15556678,Bank of America,2025-Q3,554,17.3125
15556825,Capital One,2025-Q3,1474,46.0625
15558197,Synchrony,2025-Q3,1062,33.1875
15560066,American Express,2025-Q3,659,8.2375
15561080,Chase,2025-Q3,838,13.966666666666667
15576909,Capital One,2025-Q3,1474,46.0625
15582687,Discover,2025-Q3,377,11.78125
15587072,Chase,2025-Q3,838,13.966666666666667
15588334,American Express,2025-Q3,659,8.2375
15589329,American Express,2025-Q3,659,8.2375
15595921,Synchrony,2025-Q3,1062,33.1875
15604606,Bank of America,2025-Q3,554,17.3125
15634881,American Express,2025-Q3,659,8.2375
15664060,Discover,2025-Q3,377,11.78125
15680030,Citi,2025-Q3,1200,37.5
15701218,American Express,2025-Q3,659,8.2375
15702541,Chase,2025-Q3,838,13.966666666666667
15711290,American Express,2025-Q3,659,8.2375
15713049,Discover,2025-Q3,377,11.78125
15742564,Chase,2025-Q3,838,13.966666666666667
15746866,Bank of America,2025-Q3,554,17.3125
15748181,Citi,2025-Q3,1200,37.5
15755163,Synchrony,2025-Q3,1062,33.1875
15760477,Capital One,2025-Q3,1474,46.0625
15766567,Capital One,2025-Q3,1474,46.0625
15768652,Chase,2025-Q3,838,13.966666666666667
15775880,American Express,2025-Q3,659,8.2375
15787640,Bank of America,2025-Q3,554,17.3125
15791370,Chase,2025-Q3,838,13.966666666666667
15792872,Citi,2025-Q3,1200,37.5
15797793,Synchrony,2025-Q3,1062,33.1875
15798205,Bank of America,2025-Q3,554,17.3125
15801828,Discover,2025-Q3,377,11.78125
15805171,Chase,2025-Q3,838,13.966666666666667
15820017,Discover,2025-Q3,377,11.78125
15842797,Synchrony,2025-Q3,1062,33.1875
15844842,Discover,2025-Q3,377,11.78125
15867886,Discover,2025-Q3,377,11.78125
15870105,Bank of America,2025-Q3,554,17.3125
15872231,American Express,2025-Q3,659,8.2375
15874575,Citi,2025-Q3,1200,37.5
15880537,Bank of America,2025-Q3,554,17.3125
15892844,Citi,2025-Q3,1200,37.5
15896146,American Express,2025-Q3,659,8.2375
15922806,American Express,2025-Q3,659,8.2375
15933311,Synchrony,2025-Q3,1062,33.1875
15933946,Chase,2025-Q3,838,13.966666666666667
15944291,Capital One,2025-Q3,1474,46.0625
15946746,Bank of America,2025-Q3,554,17.3125
15950953,Citi,2025-Q3,1200,37.5
15959766,Capital One,2025-Q3,1474,46.0625
15961574,Synchrony,2025-Q3,1062,33.1875
15981619,Synchrony,2025-Q3,1062,33.1875
15982249,American Express,2025-Q3,659,8.2375
15992878,American Express,2025-Q3,659,8.2375
15992944,American Express,2025-Q3,659,8.2375
15999700,American Express,2025-Q3,659,8.2375
16010707,Chase,2025-Q3,838,13.966666666666667
16011040,Chase,2025-Q3,838,13.966666666666667
16017202,American Express,2025-Q3,659,8.2375
16018652,Bank of America,2025-Q3,554,17.3125
16019854,American Express,2025-Q3,659,8.2375
16020090,Synchrony,2025-Q3,1062,33.1875
16024188,Chase,2025-Q3,838,13.966666666666667
16033521,Capital One,2025-Q3,1474,46.0625
16035062,Discover,2025-Q3,377,11.78125
16056124,Chase,2025-Q3,838,13.966666666666667
16056881,Synchrony,2025-Q3,1062,33.1875
16061182,American Express,2025-Q3,659,8.2375
16063060,American Express,2025-Q3,659,8.2375
16080670,Synchrony,2025-Q3,1062,33.1875
16082661,American Express,2025-Q3,659,8.2375
16082840,Chase,2025-Q3,838,13.966666666666667
16093514,American Express,2025-Q3,659,8.2375
16096172,American Express,2025-Q3,659,8.2375
16096182,American Express,2025-Q3,659,8.2375
16097049,Capital One,2025-Q3,1474,46.0625
16110574,American Express,2025-Q3,659,8.2375
16115764,American Express,2025-Q3,659,8.2375
16120912,Bank of America,2025-Q3,554,17.3125
16121667,Citi,2025-Q3,1200,37.5
16123201,Discover,2025-Q3,377,11.78125
16125222,American Express,2025-Q3,659,8.2375
16126901,Capital One,2025-Q3,1474,46.0625
16140878,Citi,2025-Q3,1200,37.5
16150100,American Express,2025-Q3,659,8.2375
16155206,Citi,2025-Q3,1200,37.5
16155682,Chase,2025-Q3,838,13.966666666666667
16157392,Bank of America,2025-Q3,554,17.3125
16168395,Chase,2025-Q3,838,13.966666666666667
16185092,American Express,2025-Q3,659,8.2375
16206591,Chase,2025-Q3,838,13.966666666666667
16210229,Synchrony,2025-Q3,1062,33.1875
16216778,Capital One,2025-Q3,1474,46.0625
16217545,Citi,2025-Q3,1200,37.5
16218084,Citi,2025-Q3,1200,37.5
16218233,American Express,2025-Q3,659,8.2375
16223517,American Express,2025-Q3,659,8.2375
16226504,Chase,2025-Q3,838,13.966666666666667
16228836,Synchrony,2025-Q3,1062,33.1875
16236323,American Express,2025-Q3,659,8.2375
16241541,American Express,2025-Q3,659,8.2375
16244332,Bank of America,2025-Q3,554,17.3125
16249706,Discover,2025-Q3,377,11.78125
16252661,Discover,2025-Q3,377,11.78125
16255781,Chase,2025-Q3,838,13.966666666666667
16265927,Synchrony,2025-Q3,1062,33.1875
16266958,Discover,2025-Q3,377,11.78125
16271963,Bank of America,2025-Q3,554,17.3125
16280202,Synchrony,2025-Q4,1053,32.90625
16282343,American Express,2025-Q3,659,8.2375
16293606,Synchrony,2025-Q4,1053,32.90625
16298101,Capital One,2025-Q4,1270,39.6875
16301582,Chase,2025-Q4,752,12.533333333333333
16302312,Chase,2025-Q4,752,12.533333333333333
16307541,Chase,2025-Q4,752,12.533333333333333
16308789,American Express,2025-Q4,597,7.4625
16312834,Capital One,2025-Q4,1270,39.6875
16337212,American Express,2025-Q4,597,7.4625
16347676,Synchrony,2025-Q4,1053,32.90625
16349618,Synchrony,2025-Q4,1053,32.90625
16385229,Discover,2025-Q4,322,10.0625
16432158,Chase,2025-Q4,752,12.533333333333333
16432389,Chase,2025-Q4,752,12.533333333333333
16447955,Chase,2025-Q4,752,12.533333333333333
16453365,Discover,2025-Q4,322,10.0625
16468379,Discover,2025-Q4,322,10.0625
16476300,American Express,2025-Q4,597,7.4625
16476663,Discover,2025-Q4,322,10.0625
16480009,American Express,2025-Q4,597,7.4625
16505553,Chase,2025-Q4,752,12.533333333333333
16510186,Citi,2025-Q4,1243,38.84375
16527170,American Express,2025-Q4,597,7.4625
16528697,American Express,2025-Q4,597,7.4625
16536080,Chase,2025-Q4,752,12.533333333333333
16539500,American Express,2025-Q4,597,7.4625
16555800,American Express,2025-Q4,597,7.4625
16568275,American Express,2025-Q4,597,7.4625
16573714,Discover,2025-Q4,322,10.0625
16583120,Bank of America,2025-Q4,530,16.5625
16583490,American Express,2025-Q4,597,7.4625
16586387,Chase,2025-Q4,752,12.533333333333333
16590855,American Express,2025-Q4,597,7.4625
16591977,Capital One,2025-Q4,1270,39.6875
16604236,Discover,2025-Q4,322,10.0625
16605867,Chase,2025-Q4,752,12.533333333333333
16617095,Capital One,2025-Q4,1270,39.6875
16617293,American Express,2025-Q4,597,7.4625
16625205,Chase,2025-Q4,752,12.533333333333333
16627315,Bank of America,2025-Q4,530,16.5625
16627522,Synchrony,2025-Q4,1053,32.90625
16629306,Capital One,2025-Q4,1270,39.6875
16637573,Chase,2025-Q4,752,12.533333333333333
16638029,Citi,2025-Q4,1243,38.84375
16649417,American Express,2025-Q4,597,7.4625
16658911,Bank of America,2025-Q4,530,16.5625
16663278,Citi,2025-Q4,1243,38.84375
16680450,American Express,2025-Q4,597,7.4625
16685297,Synchrony,2025-Q4,1053,32.90625
16699364,Citi,2025-Q4,1243,38.84375
16701059,Bank of America,2025-Q4,530,16.5625
16728374,American Express,2025-Q4,597,7.4625
16736429,American Express,2025-Q4,597,7.4625
16738236,Capital One,2025-Q4,1270,39.6875
16747256,American Express,2025-Q4,597,7.4625
16752803,Chase,2025-Q4,752,12.533333333333333
16773693,Synchrony,2025-Q4,1053,32.90625
16781766,Discover,2025-Q4,322,10.0625
16790686,Discover,2025-Q4,322,10.0625
16793728,Synchrony,2025-Q4,1053,32.90625
16801044,Bank of America,2025-Q4,530,16.5625
16804328,Synchrony,2025-Q4,1053,32.90625
16818557,American Express,2025-Q4,597,7.4625
16824019,Citi,2025-Q4,1243,38.84375
16828950,Bank of America,2025-Q4,530,16.5625
16831775,Chase,2025-Q4,752,12.533333333333333
16835185,American Express,2025-Q4,597,7.4625
16837654,Synchrony,2025-Q4,1053,32.90625
16838546,Chase,2025-Q4,752,12.533333333333333
16841406,Bank of America,2025-Q4,530,16.5625
16841648,Citi,2025-Q4,1243,38.84375
16844434,American Express,2025-Q4,597,7.4625
16854673,American Express,2025-Q4,597,7.4625
16861538,Citi,2025-Q4,1243,38.84375
16873078,Synchrony,2025-Q4,1053,32.90625
16874572,Chase,2025-Q4,752,12.533333333333333
16876747,Discover,2025-Q4,322,10.0625
16887748,American Express,2025-Q4,597,7.4625
16890723,Chase,2025-Q4,752,12.533333333333333
16891152,American Express,2025-Q4,597,7.4625
16894769,Chase,2025-Q4,752,12.533333333333333
16895063,Discover,2025-Q4,322,10.0625
16897195,Capital One,2025-Q4,1270,39.6875
16897698,American Express,2025-Q4,597,7.4625
16902836,Chase,2025-Q4,752,12.533333333333333
16905152,Synchrony,2025-Q4,1053,32.90625
16910337,American Express,2025-Q4,597,7.4625
16915159,American Express,2025-Q4,597,7.4625
16916053,Chase,2025-Q4,752,12.533333333333333
16916408,Citi,2025-Q4,1243,38.84375
16917641,Citi,2025-Q4,1243,38.84375
16917663,American Express,2025-Q4,597,7.4625
16922403,Discover,2025-Q4,322,10.0625
16924849,American Express,2025-Q4,597,7.4625
16929272,Discover,2025-Q4,322,10.0625
16930428,Chase,2025-Q4,752,12.533333333333333
16931865,Bank of America,2025-Q4,530,16.5625
16932273,American Express,2025-Q4,597,7.4625
16944473,Citi,2025-Q4,1243,38.84375
16951249,Capital One,2025-Q4,1270,39.6875
16952274,American Express,2025-Q4,597,7.4625
16953321,American Express,2025-Q4,597,7.4625
16956056,Capital One,2025-Q4,1270,39.6875
16960909,Chase,2025-Q4,752,12.533333333333333
16973310,Synchrony,2025-Q4,1053,32.90625
16974741,Chase,2025-Q4,752,12.533333333333333
16978863,Synchrony,2025-Q4,1053,32.90625
16995825,Capital One,2025-Q4,1270,39.6875
17011057,Chase,2025-Q4,752,12.533333333333333
17027820,Bank of America,2025-Q4,530,16.5625
17039598,Discover,2025-Q4,322,10.0625
17042750,Bank of America,2025-Q4,530,16.5625
17059890,Synchrony,2025-Q4,1053,32.90625
17062167,Bank of America,2025-Q4,530,16.5625
17064504,Chase,2025-Q4,752,12.533333333333333
17067418,Chase,2025-Q4,752,12.533333333333333
17074212,Synchrony,2025-Q4,1053,32.90625
17076061,Chase,2025-Q4,752,12.533333333333333
17091594,Chase,2025-Q4,752,12.533333333333333
17099578,Synchrony,2025-Q4,1053,32.90625
17103753,Capital One,2025-Q4,1270,39.6875
17105166,Bank of America,2025-Q4,530,16.5625
17105909,Capital One,2025-Q4,1270,39.6875
17106832,American Express,2025-Q4,597,7.4625
17108314,American Express,2025-Q4,597,7.4625
17119680,American Express,2025-Q4,597,7.4625
17121278,Synchrony,2025-Q4,1053,32.90625
17123763,Capital One,2025-Q4,1270,39.6875
17134470,Capital One,2025-Q4,1270,39.6875
17134772,Discover,2025-Q4,322,10.0625
17136960,Discover,2025-Q4,322,10.0625
17138417,Chase,2025-Q4,752,12.533333333333333
17138513,American Express,2025-Q4,597,7.4625
17144823,American Express,2025-Q4,597,7.4625
17144998,Citi,2025-Q4,1243,38.84375
17147231,Capital One,2025-Q4,1270,39.6875
17165095,Bank of America,2025-Q4,530,16.5625
17167872,Chase,2025-Q4,752,12.533333333333333
17172628,Citi,2025-Q4,1243,38.84375
17173040,Synchrony,2025-Q4,1053,32.90625
17192851,Chase,2025-Q4,752,12.533333333333333
17194059,Discover,2025-Q4,322,10.0625
17203947,American Express,2025-Q4,597,7.4625
17212036,American Express,2025-Q4,597,7.4625
17214009,Bank of America,2025-Q4,530,16.5625
17215423,Discover,2025-Q4,322,10.0625
17216579,Discover,2025-Q4,322,10.0625
17225150,American Express,2025-Q4,597,7.4625
17225373,Citi,2025-Q4,1243,38.84375
17229965,Bank of America,2025-Q4,530,16.5625
17232208,Capital One,2025-Q4,1270,39.6875
17243824,Synchrony,2025-Q4,1053,32.90625
17251148,Chase,2025-Q4,752,12.533333333333333
17257831,Synchrony,2025-Q4,1053,32.90625
17259301,Chase,2025-Q4,752,12.533333333333333
17264583,Chase,2025-Q4,752,12.533333333333333
17272389,Discover,2025-Q4,322,10.0625
17275691,Discover,2025-Q4,322,10.0625
17289734,Citi,2025-Q4,1243,38.84375
17301994,Discover,2025-Q4,322,10.0625
17322353,Citi,2025-Q4,1243,38.84375
17323130,Citi,2025-Q4,1243,38.84375
17326361,Discover,2025-Q4,322,10.0625
17335550,Chase,2025-Q4,752,12.533333333333333
17344707,Synchrony,2025-Q4,1053,32.90625
17360856,Chase,2025-Q4,752,12.533333333333333
17362314,Discover,2025-Q4,322,10.0625
17365391,Bank of America,2025-Q4,530,16.5625
17370045,Chase,2025-Q4,752,12.533333333333333
17370799,American Express,2025-Q4,597,7.4625
17374637,Bank of America,2025-Q4,530,16.5625
17389235,Capital One,2025-Q4,1270,39.6875
17389799,Chase,2025-Q4,752,12.533333333333333
17411269,Chase,2025-Q4,752,12.533333333333333
17415856,Capital One,2025-Q4,1270,39.6875
17420786,Chase,2025-Q4,752,12.533333333333333
17493924,Bank of America,2025-Q4,530,16.5625
17757295,Bank of America,2025-Q4,530,16.5625
17757964,Citi,2025-Q4,1243,38.84375
17800261,American Express,2025-Q4,597,7.4625
17801374,Capital One,2025-Q4,1270,39.6875
17802328,American Express,2025-Q4,597,7.4625
17809856,Discover,2025-Q4,322,10.0625
17810159,Discover,2025-Q4,322,10.0625
17810456,Bank of America,2025-Q4,530,16.5625
17812866,American Express,2025-Q4,597,7.4625
17815986,American Express,2025-Q4,597,7.4625
17826005,American Express,2025-Q4,597,7.4625
17831081,American Express,2025-Q4,597,7.4625
17832945,American Express,2025-Q4,597,7.4625
17834325,American Express,2025-Q4,597,7.4625
17835632,Citi,2025-Q4,1243,38.84375
17836051,Capital One,2025-Q4,1270,39.6875
17839549,American Express,2025-Q4,597,7.4625
17849521,Citi,2025-Q4,1243,38.84375
17850434,American Express,2025-Q4,597,7.4625
17852765,Bank of America,2025-Q4,530,16.5625
17861325,American Express,2025-Q4,597,7.4625
17866878,Discover,2025-Q4,322,10.0625
17866964,Discover,2025-Q4,322,10.0625
17867745,American Express,2025-Q4,597,7.4625
17867934,American Express,2025-Q4,597,7.4625
17870523,Bank of America,2025-Q4,530,16.5625
17870948,Citi,2025-Q4,1243,38.84375
17875675,Synchrony,2025-Q4,1053,32.90625
17880842,American Express,2025-Q4,597,7.4625
17882227,American Express,2025-Q4,597,7.4625
17882514,Capital One,2025-Q4,1270,39.6875
17889083,American Express,2025-Q4,597,7.4625
17889430,Chase,2025-Q4,752,12.533333333333333
17891301,Chase,2025-Q4,752,12.533333333333333
17895811,Synchrony,2025-Q4,1053,32.90625
17897237,American Express,2025-Q4,597,7.4625
17897392,American Express,2025-Q4,597,7.4625
17901300,Citi,2025-Q4,1243,38.84375
17904469,American Express,2025-Q4,597,7.4625
17915404,Discover,2025-Q4,322,10.0625
17916969,American Express,2025-Q4,597,7.4625
17918267,Chase,2025-Q4,752,12.533333333333333
17919411,American Express,2025-Q4,597,7.4625
17926147,American Express,2025-Q4,597,7.4625
17926988,American Express,2025-Q4,597,7.4625
17932525,American Express,2025-Q4,597,7.4625
17937040,Capital One,2025-Q4,1270,39.6875
17952592,Synchrony,2025-Q4,1053,32.90625
17954811,Synchrony,2025-Q4,1053,32.90625
17955547,Synchrony,2025-Q4,1053,32.90625
17958538,American Express,2025-Q4,597,7.4625
17967268,American Express,2025-Q4,597,7.4625
17970120,Citi,2025-Q4,1243,38.84375
17991834,Capital One,2025-Q4,1270,39.6875
17994494,Bank of America,2025-Q4,530,16.5625
17999285,Synchrony,2025-Q4,1053,32.90625
18015151,Chase,2025-Q4,752,12.533333333333333
18025565,American Express,2025-Q4,597,7.4625
18026026,Discover,2025-Q4,322,10.0625
18033480,American Express,2025-Q4,597,7.4625
18034592,Chase,2025-Q4,752,12.533333333333333
18036699,Discover,2025-Q4,322,10.0625
18044847,Citi,2025-Q4,1243,38.84375
18049209,Capital One,2025-Q4,1270,39.6875
18049658,Bank of America,2025-Q4,530,16.5625
18051463,American Express,2025-Q4,597,7.4625
18051870,American Express,2025-Q4,597,7.4625
18061533,Capital One,2025-Q4,1270,39.6875
18064542,American Express,2025-Q4,597,7.4625
18071538,Bank of America,2025-Q4,530,16.5625
18072943,Citi,2025-Q4,1243,38.84375
18073599,Capital One,2025-Q4,1270,39.6875
18074348,Chase,2025-Q4,752,12.533333333333333
18075906,Capital One,2025-Q4,1270,39.6875
18078110,Chase,2025-Q4,752,12.533333333333333
18085692,Bank of America,2025-Q4,530,16.5625
18086380,Chase,2025-Q4,752,12.533333333333333
18105151,Chase,2025-Q4,752,12.533333333333333
18134399,American Express,2025-Q4,597,7.4625
18140753,Citi,2025-Q4,1243,38.84375
18141915,American Express,2025-Q4,597,7.4625
18148893,American Express,2025-Q4,597,7.4625
18150971,Discover,2025-Q4,322,10.0625
18152118,American Express,2025-Q4,597,7.4625
18154054,Chase,2025-Q4,752,12.533333333333333
18155538,Bank of America,2025-Q4,530,16.5625
18162863,Discover,2025-Q4,322,10.0625
18162931,Capital One,2025-Q4,1270,39.6875
18162998,Citi,2025-Q4,1243,38.84375
18163837,Citi,2025-Q4,1243,38.84375
18164530,Chase,2025-Q4,752,12.533333333333333
18211269,Chase,2025-Q4,752,12.533333333333333
18231369,Bank of America,2025-Q4,530,16.5625
18245454,Chase,2025-Q4,752,12.533333333333333
18254799,Synchrony,2025-Q4,1053,32.90625
18260258,Synchrony,2025-Q4,1053,32.90625
18267794,Chase,2025-Q4,752,12.533333333333333
18274855,Capital One,2025-Q4,1270,39.6875
18279774,Bank of America,2025-Q4,530,16.5625
18283648,American Express,2025-Q4,597,7.4625
18299384,Citi,2025-Q4,1243,38.84375
18303518,Capital One,2025-Q4,1270,39.6875
18306226,Citi,2025-Q4,1243,38.84375
18313525,Capital One,2025-Q4,1270,39.6875
18313719,Bank of America,2025-Q4,530,16.5625
18318498,Citi,2025-Q4,1243,38.84375
18319044,American Express,2025-Q4,597,7.4625
18322284,Synchrony,2025-Q4,1053,32.90625
18330831,Citi,2025-Q4,1243,38.84375
18348261,Chase,2025-Q4,752,12.533333333333333
18360378,Chase,2025-Q4,752,12.533333333333333
18376821,Chase,2025-Q4,752,12.533333333333333
18379639,American Express,2025-Q4,597,7.4625
18379640,Chase,2025-Q4,752,12.533333333333333
18386006,Citi,2025-Q4,1243,38.84375
18387806,American Express,2025-Q4,597,7.4625
18394315,Capital One,2025-Q4,1270,39.6875
18394656,American Express,2025-Q4,597,7.4625
18395075,Chase,2025-Q4,752,12.533333333333333
18396269,Bank of America,2025-Q4,530,16.5625
18397618,Chase,2025-Q4,752,12.533333333333333
18403815,Synchrony,2026-Q1,1006,31.4375
18408387,Citi,2026-Q1,1082,33.8125
18410828,Chase,2026-Q1,654,10.9
18411295,Synchrony,2026-Q1,1006,31.4375
18417619,American Express,2026-Q1,546,6.825
18421344,American Express,2026-Q1,546,6.825
18423337,Bank of America,2026-Q1,552,17.25
18424338,American Express,2026-Q1,546,6.825
18428314,Chase,2026-Q1,654,10.9
18431449,Citi,2026-Q1,1082,33.8125
18431898,Citi,2026-Q1,1082,33.8125
18431986,Synchrony,2026-Q1,1006,31.4375
18433381,American Express,2026-Q1,546,6.825
18443497,American Express,2026-Q1,546,6.825
18446741,Synchrony,2026-Q1,1006,31.4375
18493842,Chase,2026-Q1,654,10.9
18495892,Discover,2026-Q1,314,9.8125
18507560,Chase,2026-Q1,654,10.9
18512038,Discover,2026-Q1,314,9.8125
18513508,Discover,2026-Q1,314,9.8125
18536388,Chase,2026-Q1,654,10.9
18539399,Discover,2026-Q1,314,9.8125
18546531,American Express,2026-Q1,546,6.825
18556460,Bank of America,2026-Q1,552,17.25
18566298,Chase,2026-Q1,654,10.9
18579186,American Express,2026-Q1,546,6.825
18581567,American Express,2026-Q1,546,6.825
18586587,Citi,2026-Q1,1082,33.8125
18591597,Capital One,2026-Q1,1140,35.625
18634984,Capital One,2026-Q1,1140,35.625
18635438,Discover,2026-Q1,314,9.8125
18637210,Capital One,2026-Q1,1140,35.625
18637408,American Express,2026-Q1,546,6.825
18639393,Bank of America,2026-Q1,552,17.25
18647552,American Express,2026-Q1,546,6.825
18650582,American Express,2026-Q1,546,6.825
18669668,Synchrony,2025-Q4,1053,32.90625
18670601,American Express,2026-Q1,546,6.825
18675335,Chase,2026-Q1,654,10.9
18679244,Synchrony,2026-Q1,1006,31.4375
18688225,Chase,2026-Q1,654,10.9
18688350,American Express,2026-Q1,546,6.825
18689436,Bank of America,2026-Q1,552,17.25
18691004,Chase,2026-Q1,654,10.9
18697281,American Express,2026-Q1,546,6.825
18698483,Bank of America,2026-Q1,552,17.25
18700089,Citi,2026-Q1,1082,33.8125
18706991,American Express,2026-Q1,546,6.825
18721613,Discover,2026-Q1,314,9.8125
18723436,Chase,2026-Q1,654,10.9
18725239,Discover,2026-Q1,314,9.8125
18739923,Citi,2026-Q1,1082,33.8125
18786210,Capital One,2026-Q1,1140,35.625
18803525,Synchrony,2026-Q1,1006,31.4375
18817594,American Express,2026-Q1,546,6.825
18818230,Synchrony,2026-Q1,1006,31.4375
18825916,Discover,2026-Q1,314,9.8125
18838725,Chase,2026-Q1,654,10.9
18850017,Capital One,2026-Q1,1140,35.625
18854351,Capital One,2026-Q1,1140,35.625
18859950,Discover,2026-Q1,314,9.8125
18860139,Bank of America,2026-Q1,552,17.25
18871707,Citi,2026-Q1,1082,33.8125
18872107,Bank of America,2026-Q1,552,17.25
18873329,Synchrony,2026-Q1,1006,31.4375
18873585,American Express,2026-Q1,546,6.825
18875578,Chase,2026-Q1,654,10.9
18876794,Capital One,2026-Q1,1140,35.625
18881516,Chase,2026-Q1,654,10.9
18889296,Discover,2026-Q1,314,9.8125
18894899,American Express,2026-Q1,546,6.825
18900173,Chase,2026-Q1,654,10.9
18900701,American Express,2026-Q1,546,6.825
18901779,Bank of America,2026-Q1,552,17.25
18906281,Capital One,2026-Q1,1140,35.625
18906638,Discover,2026-Q1,314,9.8125
18911534,Bank of America,2026-Q1,552,17.25
18917331,Citi,2026-Q1,1082,33.8125
18929040,Chase,2026-Q1,654,10.9
18930914,Discover,2026-Q1,314,9.8125
18931454,Chase,2026-Q1,654,10.9
18937133,Synchrony,2026-Q1,1006,31.4375
18937252,Synchrony,2026-Q1,1006,31.4375
18940953,Synchrony,2026-Q1,1006,31.4375
18942115,American Express,2026-Q1,546,6.825
18944622,Chase,2026-Q1,654,10.9
18944643,Capital One,2026-Q1,1140,35.625
18944991,Synchrony,2026-Q1,1006,31.4375
18972985,Capital One,2026-Q1,1140,35.625
18981040,Chase,2026-Q1,654,10.9
18987398,Citi,2026-Q1,1082,33.8125
18988035,Synchrony,2026-Q1,1006,31.4375
18993797,American Express,2026-Q1,546,6.825
18993950,American Express,2026-Q1,546,6.825
18994937,Discover,2026-Q1,314,9.8125
18998966,American Express,2026-Q1,546,6.825
19008268,Synchrony,2026-Q1,1006,31.4375
19010319,Discover,2026-Q1,314,9.8125
19012180,American Express,2026-Q1,546,6.825
19019785,Synchrony,2026-Q1,1006,31.4375
19025147,Chase,2026-Q1,654,10.9
19039527,Chase,2026-Q1,654,10.9
19040250,Synchrony,2026-Q1,1006,31.4375
19042465,Chase,2026-Q1,654,10.9
19044544,American Express,2026-Q1,546,6.825
19047569,Discover,2026-Q1,314,9.8125
19047577,Chase,2026-Q1,654,10.9
19051894,Bank of America,2025-Q4,530,16.5625
19067211,American Express,2026-Q1,546,6.825
19072417,American Express,2026-Q1,546,6.825
19073827,Capital One,2026-Q1,1140,35.625
19077178,American Express,2026-Q1,546,6.825
19079955,American Express,2026-Q1,546,6.825
19089570,American Express,2026-Q1,546,6.825
19090670,Bank of America,2026-Q1,552,17.25
19091515,Chase,2026-Q1,654,10.9
19092855,Citi,2026-Q1,1082,33.8125
19092977,Chase,2026-Q1,654,10.9
19108710,American Express,2026-Q1,546,6.825
19121093,Discover,2026-Q1,314,9.8125
19121908,American Express,2026-Q1,546,6.825
19131362,Capital One,2026-Q1,1140,35.625
19139644,Bank of America,2026-Q1,552,17.25
19141909,Chase,2026-Q1,654,10.9
19174446,Chase,2026-Q1,654,10.9
19178752,American Express,2026-Q1,546,6.825
19183032,Chase,2026-Q1,654,10.9
19202354,American Express,2026-Q1,546,6.825
19203419,Bank of America,2026-Q1,552,17.25
19213199,Capital One,2026-Q1,1140,35.625
19215786,Discover,2026-Q1,314,9.8125
19218211,Chase,2026-Q1,654,10.9
19233130,American Express,2026-Q1,546,6.825
19238196,American Express,2026-Q1,546,6.825
19240544,Chase,2026-Q1,654,10.9
19263979,Chase,2026-Q1,654,10.9
19266261,Capital One,2026-Q1,1140,35.625
19270859,Discover,2026-Q1,314,9.8125
19275372,Discover,2026-Q1,314,9.8125
19285629,Bank of America,2026-Q1,552,17.25
19287482,Capital One,2026-Q1,1140,35.625
19341194,Capital One,2026-Q1,1140,35.625
19345147,Capital One,2026-Q1,1140,35.625
19351082,Chase,2026-Q1,654,10.9
19353750,American Express,2026-Q1,546,6.825
19376465,Discover,2026-Q1,314,9.8125
19377952,Citi,2026-Q1,1082,33.8125
19378367,American Express,2026-Q1,546,6.825
19410756,Bank of America,2026-Q1,552,17.25
19417458,Capital One,2026-Q1,1140,35.625
19419792,Capital One,2026-Q1,1140,35.625
19450632,Chase,2026-Q1,654,10.9
19458945,Discover,2026-Q1,314,9.8125
19462255,Bank of America,2026-Q1,552,17.25
19516693,Discover,2026-Q1,314,9.8125
19519187,Discover,2026-Q1,314,9.8125
19533720,Bank of America,2026-Q1,552,17.25
19541201,Chase,2026-Q1,654,10.9
19565671,Capital One,2026-Q1,1140,35.625
19569509,American Express,2026-Q1,546,6.825
19577828,American Express,2026-Q1,546,6.825
19578053,American Express,2026-Q1,546,6.825
19582217,Chase,2026-Q1,654,10.9
19620283,Discover,2026-Q1,314,9.8125
19627791,American Express,2026-Q1,546,6.825
19629641,Bank of America,2026-Q1,552,17.25
19634478,Chase,2026-Q1,654,10.9
19654366,Citi,2026-Q1,1082,33.8125
19660437,Citi,2026-Q1,1082,33.8125
19668049,Chase,2026-Q1,654,10.9
19668148,Discover,2026-Q1,314,9.8125
19670248,Chase,2026-Q1,654,10.9
19671733,American Express,2026-Q1,546,6.825
19674527,Capital One,2026-Q1,1140,35.625
19674589,American Express,2026-Q1,546,6.825
19679129,American Express,2026-Q1,546,6.825
19680329,Bank of America,2026-Q1,552,17.25
19680520,Chase,2026-Q1,654,10.9
19680762,Bank of America,2026-Q1,552,17.25
19680877,Citi,2026-Q1,1082,33.8125
19683078,Chase,2026-Q1,654,10.9
19683169,American Express,2026-Q1,546,6.825
19686085,American Express,2026-Q1,546,6.825
19690364,American Express,2026-Q1,546,6.825
19692646,Citi,2026-Q1,1082,33.8125
19692838,Synchrony,2026-Q1,1006,31.4375
19696443,Discover,2026-Q1,314,9.8125
19737725,Discover,2026-Q1,314,9.8125
19742935,Capital One,2026-Q1,1140,35.625
19746712,American Express,2026-Q1,546,6.825
19759753,Citi,2026-Q1,1082,33.8125
19783303,American Express,2026-Q1,546,6.825
19786475,Synchrony,2026-Q1,1006,31.4375
19789473,Citi,2026-Q1,1082,33.8125
19798400,American Express,2026-Q1,546,6.825
19859450,Citi,2026-Q1,1082,33.8125
19876383,Synchrony,2026-Q1,1006,31.4375
19880945,Synchrony,2026-Q1,1006,31.4375
19882544,Discover,2026-Q1,314,9.8125
19888374,Chase,2026-Q1,654,10.9
19896761,Capital One,2026-Q1,1140,35.625
19899088,Citi,2026-Q1,1082,33.8125
19916849,Bank of America,2026-Q1,552,17.25
19925235,American Express,2026-Q1,546,6.825
19939028,American Express,2026-Q1,546,6.825
19945191,Synchrony,2026-Q1,1006,31.4375
19948593,American Express,2026-Q1,546,6.825
19950051,Synchrony,2026-Q1,1006,31.4375
19953256,Chase,2026-Q1,654,10.9
19967539,Bank of America,2026-Q1,552,17.25
19969491,Capital One,2026-Q1,1140,35.625
19983202,American Express,2026-Q1,546,6.825
19984401,Capital One,2026-Q1,1140,35.625
19984884,Discover,2026-Q1,314,9.8125
19985529,Discover,2026-Q1,314,9.8125
19989788,Citi,2026-Q1,1082,33.8125
19990600,Citi,2026-Q1,1082,33.8125
19991154,American Express,2026-Q1,546,6.825
19997435,Synchrony,2026-Q1,1006,31.4375
20017656,Discover,2026-Q1,314,9.8125
20020601,American Express,2026-Q1,546,6.825
20059541,Chase,2026-Q1,654,10.9
20068895,American Express,2026-Q1,546,6.825
20069786,Synchrony,2026-Q1,1006,31.4375
20070799,Citi,2026-Q1,1082,33.8125
20071280,Citi,2026-Q1,1082,33.8125
20071799,Citi,2026-Q1,1082,33.8125
20076663,American Express,2026-Q1,546,6.825
20078874,American Express,2026-Q1,546,6.825
20082104,Chase,2026-Q1,654,10.9
20084589,Bank of America,2026-Q1,552,17.25
20102815,American Express,2026-Q1,546,6.825
20108119,Synchrony,2026-Q1,1006,31.4375
20114129,Bank of America,2026-Q1,552,17.25
20117032,Chase,2026-Q1,654,10.9
20117973,American Express,2026-Q1,546,6.825
20129572,American Express,2026-Q1,546,6.825
20132894,Capital One,2026-Q1,1140,35.625
20137301,Chase,2026-Q1,654,10.9
20137578,Bank of America,2026-Q1,552,17.25
20147023,Citi,2026-Q1,1082,33.8125
20164905,American Express,2026-Q1,546,6.825
20179752,American Express,2026-Q1,546,6.825
20182682,American Express,2026-Q1,546,6.825
20184329,Bank of America,2026-Q1,552,17.25
20184538,American Express,2026-Q1,546,6.825
20193154,Bank of America,2026-Q1,552,17.25
20197429,Capital One,2026-Q1,1140,35.625
20197976,Chase,2026-Q1,654,10.9
20203284,Synchrony,2026-Q1,1006,31.4375
20204346,American Express,2026-Q1,546,6.825
20206544,Synchrony,2026-Q1,1006,31.4375
20209089,American Express,2026-Q1,546,6.825
20215092,American Express,2026-Q1,546,6.825
20222724,Synchrony,2026-Q1,1006,31.4375
20276213,American Express,2026-Q1,546,6.825
20280936,Bank of America,2026-Q1,552,17.25
20283815,Chase,2026-Q1,654,10.9
20285286,Chase,2026-Q1,654,10.9
20285316,Citi,2026-Q1,1082,33.8125
20299079,Chase,2026-Q1,654,10.9
20357908,American Express,2026-Q1,546,6.825
20358588,American Express,2026-Q1,546,6.825
20363180,Chase,2026-Q1,654,10.9
20368357,Chase,2026-Q1,654,10.9
20386378,Chase,2026-Q1,654,10.9
20387172,Chase,2026-Q1,654,10.9
20400554,Chase,2026-Q1,654,10.9
20409020,Bank of America,2026-Q1,552,17.25
20490382,Citi,2026-Q1,1082,33.8125
20490470,Chase,2026-Q1,654,10.9
20498769,American Express,2026-Q1,546,6.825
20517602,Capital One,2026-Q1,1140,35.625
20532235,Bank of America,2026-Q1,552,17.25
20537571,Discover,2026-Q1,314,9.8125
20542033,Capital One,2026-Q1,1140,35.625
20547121,American Express,2026-Q1,546,6.825
20550304,American Express,2026-Q1,546,6.825
20552913,Citi,2026-Q1,1082,33.8125
20574202,Chase,2026-Q1,654,10.9
20603035,Citi,2026-Q1,1082,33.8125
20605657,Bank of America,2026-Q1,552,17.25
20606834,Citi,2026-Q1,1082,33.8125
20608203,American Express,2026-Q1,546,6.825
20609959,Capital One,2026-Q1,1140,35.625
20681565,Citi,2026-Q1,1082,33.8125
20681936,Chase,2026-Q1,654,10.9
20698493,American Express,2026-Q1,546,6.825
20699255,Synchrony,2026-Q1,1006,31.4375
20702623,Capital One,2026-Q1,1140,35.625
20719928,Chase,2026-Q1,654,10.9
20754004,Synchrony,2026-Q1,1006,31.4375
20757540,American Express,2026-Q1,546,6.825
20757951,Bank of America,2026-Q1,552,17.25
20758914,American Express,2026-Q1,546,6.825
20759798,Synchrony,2026-Q1,1006,31.4375
20774524,Chase,2026-Q1,654,10.9
20782294,Synchrony,2026-Q1,1006,31.4375
20791602,Chase,2026-Q1,654,10.9
20805792,Citi,2026-Q1,1082,33.8125
20808873,Capital One,2026-Q1,1140,35.625
20811377,Bank of America,2026-Q1,552,17.25
20833260,Synchrony,2026-Q2,999,31.21875
20852153,Citi,2026-Q2,1219,38.09375
20856871,Capital One,2026-Q2,1455,45.46875
20860970,Synchrony,2026-Q2,999,31.21875
20861940,Chase,2026-Q2,680,11.333333333333334
20872890,American Express,2026-Q2,639,7.9875
20889854,Chase,2026-Q2,680,11.333333333333334
20959848,Synchrony,2026-Q2,999,31.21875
20960144,Bank of America,2026-Q2,633,19.78125
20962177,Capital One,2026-Q2,1455,45.46875
20962252,American Express,2026-Q2,639,7.9875
20974472,American Express,2026-Q2,639,7.9875
20982087,Chase,2026-Q2,680,11.333333333333334
20984660,American Express,2026-Q2,639,7.9875
20992077,Synchrony,2026-Q2,999,31.21875
20997012,Bank of America,2026-Q2,633,19.78125
21053997,American Express,2026-Q2,639,7.9875
21055669,Chase,2026-Q2,680,11.333333333333334
21059722,Chase,2026-Q2,680,11.333333333333334
21077364,American Express,2026-Q2,639,7.9875
21081518,Chase,2026-Q2,680,11.333333333333334
21104813,Bank of America,2026-Q2,633,19.78125
21106598,American Express,2026-Q2,639,7.9875
21119847,American Express,2026-Q2,639,7.9875
21134914,Citi,2026-Q2,1219,38.09375
21138385,American Express,2026-Q2,639,7.9875
21143540,Citi,2026-Q2,1219,38.09375
21150662,Capital One,2026-Q2,1455,45.46875
21151499,Capital One,2026-Q2,1455,45.46875
21152307,Chase,2026-Q2,680,11.333333333333334
21154624,Bank of America,2026-Q2,633,19.78125
21161964,Bank of America,2026-Q2,633,19.78125
21162582,American Express,2026-Q2,639,7.9875
21173698,Chase,2026-Q2,680,11.333333333333334
21174071,Chase,2026-Q2,680,11.333333333333334
21178290,American Express,2026-Q2,639,7.9875
21184731,Citi,2026-Q2,1219,38.09375
21188552,American Express,2026-Q2,639,7.9875
21199199,Bank of America,2026-Q2,633,19.78125
21199680,Capital One,2026-Q2,1455,45.46875
21210592,American Express,2026-Q2,639,7.9875
21217535,Chase,2026-Q2,680,11.333333333333334
21218719,Capital One,2026-Q2,1455,45.46875
21240069,American Express,2026-Q2,639,7.9875
21272926,Chase,2026-Q2,680,11.333333333333334
21285527,American Express,2026-Q2,639,7.9875
21286973,American Express,2026-Q2,639,7.9875
21303053,Chase,2026-Q2,680,11.333333333333334
21311417,American Express,2026-Q2,639,7.9875
21313480,American Express,2026-Q2,639,7.9875
21387474,Chase,2026-Q2,680,11.333333333333334
21390763,Citi,2026-Q2,1219,38.09375
21393796,American Express,2026-Q2,639,7.9875
21419805,Bank of America,2026-Q2,633,19.78125
21439930,American Express,2026-Q2,639,7.9875
21448440,American Express,2026-Q2,639,7.9875
21460114,Chase,2026-Q2,680,11.333333333333334
21467704,American Express,2026-Q2,639,7.9875
21477094,American Express,2026-Q2,639,7.9875
21478092,American Express,2026-Q2,639,7.9875
21497502,Chase,2026-Q2,680,11.333333333333334
21511453,Chase,2026-Q2,680,11.333333333333334
21513397,Chase,2026-Q2,680,11.333333333333334
21531456,American Express,2026-Q2,639,7.9875
21544380,Capital One,2026-Q2,1455,45.46875
21546261,Synchrony,2026-Q2,999,31.21875
21550244,Synchrony,2026-Q2,999,31.21875
21550526,Citi,2026-Q2,1219,38.09375
21552956,Synchrony,2026-Q2,999,31.21875
21564690,Synchrony,2026-Q2,999,31.21875
21570053,Chase,2026-Q2,680,11.333333333333334
21580419,American Express,2026-Q2,639,7.9875
21583595,Bank of America,2026-Q2,633,19.78125
21612790,Synchrony,2026-Q2,999,31.21875
21617304,American Express,2026-Q2,639,7.9875
21624407,Chase,2026-Q2,680,11.333333333333334
21625874,Bank of America,2026-Q2,633,19.78125
21643138,Chase,2026-Q2,680,11.333333333333334
21652281,Synchrony,2026-Q2,999,31.21875
21654363,Citi,2026-Q2,1219,38.09375
21658278,American Express,2026-Q2,639,7.9875
21664733,Capital One,2026-Q2,1455,45.46875
21669543,Bank of America,2026-Q2,633,19.78125
21672398,Chase,2026-Q2,680,11.333333333333334
21673734,American Express,2026-Q2,639,7.9875
21675126,Capital One,2026-Q2,1455,45.46875
21686071,Chase,2026-Q2,680,11.333333333333334
21721876,American Express,2026-Q2,639,7.9875
21737794,Chase,2026-Q2,680,11.333333333333334
21740938,American Express,2026-Q2,639,7.9875
21743212,Bank of America,2026-Q2,633,19.78125
21757019,Bank of America,2026-Q2,633,19.78125
21771828,American Express,2026-Q2,639,7.9875
21775138,Chase,2026-Q2,680,11.333333333333334
21780493,American Express,2026-Q2,639,7.9875
21841204,Chase,2026-Q2,680,11.333333333333334
21855002,Capital One,2026-Q2,1455,45.46875
21855825,American Express,2026-Q2,639,7.9875
21860327,Synchrony,2026-Q2,999,31.21875
21866734,Citi,2026-Q2,1219,38.09375
21867766,Bank of America,2026-Q2,633,19.78125
21872886,Citi,2026-Q2,1219,38.09375
21888349,American Express,2026-Q2,639,7.9875
21893773,Synchrony,2026-Q2,999,31.21875
21899021,American Express,2026-Q2,639,7.9875
21905541,Synchrony,2026-Q2,999,31.21875
21906101,Chase,2026-Q2,680,11.333333333333334
21933759,Citi,2026-Q2,1219,38.09375
21939448,Chase,2026-Q2,680,11.333333333333334
21942798,Citi,2026-Q2,1219,38.09375
21950634,Capital One,2026-Q2,1455,45.46875
21961582,Citi,2026-Q2,1219,38.09375
21973718,Citi,2026-Q2,1219,38.09375
21982940,Chase,2026-Q2,680,11.333333333333334
21983989,American Express,2026-Q2,639,7.9875
21990880,American Express,2026-Q2,639,7.9875
22036615,Capital One,2026-Q2,1455,45.46875
22083930,Citi,2026-Q2,1219,38.09375
22086549,Citi,2026-Q2,1219,38.09375
22116040,Capital One,2026-Q2,1455,45.46875
22116203,Bank of America,2026-Q2,633,19.78125
22120646,Citi,2026-Q2,1219,38.09375
22148248,Chase,2026-Q2,680,11.333333333333334
22187762,Chase,2026-Q2,680,11.333333333333334
22191451,Chase,2026-Q2,680,11.333333333333334
22223169,Chase,2026-Q2,680,11.333333333333334
22291135,Citi,2026-Q2,1219,38.09375
22293714,Chase,2026-Q2,680,11.333333333333334
22309657,Synchrony,2026-Q2,999,31.21875
22313782,American Express,2026-Q2,639,7.9875
22347465,Bank of America,2026-Q2,633,19.78125
22360401,American Express,2026-Q2,639,7.9875
22365966,Capital One,2026-Q2,1455,45.46875
22369149,American Express,2026-Q2,639,7.9875
22381531,American Express,2026-Q2,639,7.9875
22382932,American Express,2026-Q2,639,7.9875
22416621,Bank of America,2026-Q2,633,19.78125
22426187,Bank of America,2026-Q2,633,19.78125
22434547,Synchrony,2026-Q2,999,31.21875
22435055,Capital One,2026-Q2,1455,45.46875
22439323,American Express,2026-Q2,639,7.9875
22447698,Chase,2026-Q2,680,11.333333333333334
22484620,Bank of America,2026-Q2,633,19.78125
22518724,American Express,2026-Q2,639,7.9875
22540608,Capital One,2026-Q2,1455,45.46875
22550123,Bank of America,2026-Q2,633,19.78125
22557963,Synchrony,2026-Q2,999,31.21875
22561793,American Express,2026-Q2,639,7.9875
22571939,Citi,2026-Q2,1219,38.09375
22590798,Chase,2026-Q2,680,11.333333333333334
22591516,Capital One,2026-Q2,1455,45.46875
22595543,Chase,2026-Q2,680,11.333333333333334
22596507,Chase,2026-Q2,680,11.333333333333334
22598245,Bank of America,2026-Q2,633,19.78125
22600268,Capital One,2026-Q2,1455,45.46875
22634469,Capital One,2026-Q2,1455,45.46875
22638123,Synchrony,2026-Q2,999,31.21875
22647828,American Express,2026-Q2,639,7.9875
22658149,Synchrony,2026-Q2,999,31.21875
22659913,Citi,2026-Q2,1219,38.09375
22673337,Chase,2026-Q2,680,11.333333333333334
22673955,Chase,2026-Q2,680,11.333333333333334
22675153,Synchrony,2026-Q2,999,31.21875
22680172,Bank of America,2026-Q2,633,19.78125
22680461,Chase,2026-Q2,680,11.333333333333334
22693729,Capital One,2026-Q2,1455,45.46875
22697489,Chase,2026-Q2,680,11.333333333333334
22702021,American Express,2026-Q2,639,7.9875
22707674,American Express,2026-Q2,639,7.9875
22709593,Synchrony,2026-Q2,999,31.21875
22712770,American Express,2026-Q2,639,7.9875
22716385,Capital One,2026-Q2,1455,45.46875
22751908,Citi,2026-Q2,1219,38.09375
22752376,Synchrony,2026-Q2,999,31.21875
22757322,American Express,2026-Q2,639,7.9875
22771640,American Express,2026-Q2,639,7.9875
22778314,Chase,2026-Q2,680,11.333333333333334
22786562,Bank of America,2026-Q2,633,19.78125
22788302,Chase,2026-Q2,680,11.333333333333334
22793766,Chase,2026-Q2,680,11.333333333333334
22798481,Bank of America,2026-Q2,633,19.78125
22800596,American Express,2026-Q2,639,7.9875
22814043,Citi,2026-Q2,1219,38.09375
22816702,American Express,2026-Q2,639,7.9875
22836497,Chase,2026-Q2,680,11.333333333333334
22961994,Synchrony,2026-Q2,999,31.21875
22969004,Capital One,2026-Q2,1455,45.46875
22975489,American Express,2026-Q2,639,7.9875
22977382,Chase,2026-Q2,680,11.333333333333334
22979252,Chase,2026-Q2,680,11.333333333333334
22999224,American Express,2026-Q2,639,7.9875
23012166,Capital One,2026-Q2,1455,45.46875
23035835,American Express,2026-Q2,639,7.9875
23050586,Capital One,2026-Q2,1455,45.46875
23069677,American Express,2026-Q2,639,7.9875
23075265,Synchrony,2026-Q2,999,31.21875
23082503,Bank of America,2026-Q2,633,19.78125
23091318,American Express,2026-Q2,639,7.9875
23137454,Chase,2026-Q2,680,11.333333333333334
23142114,Chase,2026-Q2,680,11.333333333333334
23142830,Synchrony,2026-Q2,999,31.21875
23143541,American Express,2026-Q2,639,7.9875
23150381,Citi,2026-Q2,1219,38.09375
23157045,Capital One,2026-Q2,1455,45.46875
23172965,American Express,2026-Q2,639,7.9875
23203250,Synchrony,2026-Q2,999,31.21875
23203801,Capital One,2026-Q2,1455,45.46875
23204895,Bank of America,2026-Q2,633,19.78125
23218755,Chase,2026-Q2,680,11.333333333333334
23219599,American Express,2026-Q2,639,7.9875
23224192,Chase,2026-Q2,680,11.333333333333334
23260675,Synchrony,2026-Q2,999,31.21875
23264731,Chase,2026-Q2,680,11.333333333333334
23265700,Synchrony,2026-Q2,999,31.21875
23267300,Synchrony,2026-Q2,999,31.21875
23273441,Bank of America,2026-Q2,633,19.78125
23283162,Synchrony,2026-Q2,999,31.21875
23285699,Citi,2026-Q2,1219,38.09375
23290035,American Express,2026-Q2,639,7.9875
23298991,American Express,2026-Q2,639,7.9875
23324363,Chase,2026-Q2,680,11.333333333333334
23335080,American Express,2026-Q2,639,7.9875
23337228,Capital One,2026-Q2,1455,45.46875
23342912,Chase,2026-Q2,680,11.333333333333334
23425325,Citi,2026-Q2,1219,38.09375
23427744,Capital One,2026-Q2,1455,45.46875
23429150,Capital One,2026-Q2,1455,45.46875
23429778,Synchrony,2026-Q2,999,31.21875
23444915,Bank of America,2026-Q2,633,19.78125
23454539,Bank of America,2026-Q2,633,19.78125
23458990,Synchrony,2026-Q2,999,31.21875
23463720,Chase,2026-Q2,680,11.333333333333334
23472006,American Express,2026-Q2,639,7.9875
23480355,Citi,2026-Q2,1219,38.09375
23480597,Synchrony,2026-Q2,999,31.21875
23487040,Citi,2026-Q2,1219,38.09375
23494413,Capital One,2026-Q2,1455,45.46875
23494898,American Express,2026-Q2,639,7.9875
23512264,Capital One,2026-Q2,1455,45.46875
23512457,Citi,2026-Q2,1219,38.09375
23515943,American Express,2026-Q2,639,7.9875
23543793,Chase,2026-Q2,680,11.333333333333334
23545416,American Express,2026-Q2,639,7.9875
23547983,Bank of America,2026-Q2,633,19.78125
23568235,American Express,2026-Q2,639,7.9875
23570317,American Express,2026-Q2,639,7.9875
23572422,Citi,2026-Q2,1219,38.09375
23576946,Chase,2026-Q2,680,11.333333333333334
23578055,American Express,2026-Q2,639,7.9875
23584136,American Express,2026-Q2,639,7.9875
23585157,Citi,2026-Q2,1219,38.09375
23587037,American Express,2026-Q2,639,7.9875
23589602,Bank of America,2026-Q2,633,19.78125
23590392,American Express,2026-Q2,639,7.9875
23652590,American Express,2026-Q2,639,7.9875
23652660,Chase,2026-Q2,680,11.333333333333334
23653605,Citi,2026-Q2,1219,38.09375
23657460,Bank of America,2026-Q2,633,19.78125
23668787,American Express,2026-Q2,639,7.9875
23673329,Capital One,2026-Q2,1455,45.46875
23676208,Citi,2026-Q2,1219,38.09375
23682941,Citi,2026-Q2,1219,38.09375
23683846,Chase,2026-Q2,680,11.333333333333334
23691115,Bank of America,2026-Q2,633,19.78125
23693718,Chase,2026-Q2,680,11.333333333333334
23696442,American Express,2026-Q2,639,7.9875
23708774,American Express,2026-Q2,639,7.9875
23719213,American Express,2026-Q2,639,7.9875
23740589,Capital One,2026-Q3,221,6.90625
23740778,American Express,2026-Q3,103,1.2875
23741109,Bank of America,2026-Q3,130,4.0625
23744257,Chase,2026-Q3,93,1.55
23744374,Synchrony,2026-Q3,217,6.78125
23748250,Chase,2026-Q3,93,1.55
23749372,American Express,2026-Q3,103,1.2875
23751091,American Express,2026-Q3,103,1.2875
23751622,American Express,2026-Q3,103,1.2875
23752770,American Express,2026-Q3,103,1.2875
23753401,Chase,2026-Q3,93,1.55
23756216,American Express,2026-Q3,103,1.2875
23758103,Capital One,2026-Q3,221,6.90625
23758397,American Express,2026-Q3,103,1.2875
23759264,American Express,2026-Q3,103,1.2875
23764666,Chase,2026-Q3,93,1.55
23766006,American Express,2026-Q3,103,1.2875
23766461,Capital One,2026-Q3,221,6.90625
23769225,Citi,2026-Q3,345,10.78125
23776101,American Express,2026-Q3,103,1.2875
23776865,American Express,2026-Q3,103,1.2875
23778517,Chase,2026-Q3,93,1.55
23780203,Capital One,2026-Q3,221,6.90625
23781220,Chase,2026-Q3,93,1.55
23783253,Citi,2026-Q3,345,10.78125
23786227,Capital One,2026-Q3,221,6.90625
23794833,Citi,2026-Q3,345,10.78125
23795373,American Express,2026-Q3,103,1.2875
23796208,Capital One,2026-Q3,221,6.90625
23797340,Citi,2026-Q3,345,10.78125
23798283,Bank of America,2026-Q3,130,4.0625
23800499,Synchrony,2026-Q3,217,6.78125
23801655,American Express,2026-Q3,103,1.2875
23801957,Capital One,2026-Q3,221,6.90625
23806095,American Express,2026-Q3,103,1.2875
23807131,American Express,2026-Q3,103,1.2875
23814522,Citi,2026-Q3,345,10.78125
23815543,Bank of America,2026-Q3,130,4.0625
23815709,Synchrony,2026-Q3,217,6.78125
23821334,Synchrony,2026-Q3,217,6.78125
23824335,Capital One,2026-Q3,221,6.90625
23825460,Chase,2026-Q3,93,1.55
23831321,American Express,2026-Q3,103,1.2875
23834217,Citi,2026-Q3,345,10.78125
23837311,American Express,2026-Q3,103,1.2875
23839405,Synchrony,2026-Q3,217,6.78125
23841131,Chase,2026-Q3,93,1.55
23844461,Bank of America,2026-Q3,130,4.0625
23847413,Synchrony,2026-Q3,217,6.78125
23848794,American Express,2026-Q3,103,1.2875
23850449,Capital One,2026-Q3,221,6.90625
23851702,American Express,2026-Q3,103,1.2875
23860270,Citi,2026-Q3,345,10.78125
23872908,Capital One,2026-Q3,221,6.90625
23874115,American Express,2026-Q3,103,1.2875
23876611,American Express,2026-Q3,103,1.2875
23877923,Capital One,2026-Q3,221,6.90625
23878453,Capital One,2026-Q3,221,6.90625
23881865,American Express,2026-Q3,103,1.2875
23883253,American Express,2026-Q3,103,1.2875
23883652,Citi,2026-Q3,345,10.78125
23884003,Chase,2026-Q3,93,1.55
23885537,American Express,2026-Q3,103,1.2875
23885712,Chase,2026-Q3,93,1.55
23885754,Capital One,2026-Q3,221,6.90625
23886343,Chase,2026-Q3,93,1.55
23886788,Chase,2026-Q3,93,1.55
23888003,American Express,2026-Q3,103,1.2875
23890107,Capital One,2026-Q3,221,6.90625
23891607,Chase,2026-Q3,93,1.55
23891800,Chase,2026-Q3,93,1.55
23896748,American Express,2026-Q3,103,1.2875
23897450,Citi,2026-Q3,345,10.78125
23898424,American Express,2026-Q3,103,1.2875
23899529,American Express,2026-Q3,103,1.2875
23899628,Bank of America,2026-Q3,130,4.0625
23900786,American Express,2026-Q3,103,1.2875
23902665,American Express,2026-Q3,103,1.2875
23903405,American Express,2026-Q3,103,1.2875
23903717,American Express,2026-Q3,103,1.2875
23903732,Citi,2026-Q3,345,10.78125
23904652,Chase,2026-Q3,93,1.55
23905171,American Express,2026-Q3,103,1.2875
23905437,American Express,2026-Q3,103,1.2875
23906053,Chase,2026-Q3,93,1.55
23906416,American Express,2026-Q3,103,1.2875
23906679,Chase,2026-Q3,93,1.55
23907597,American Express,2026-Q3,103,1.2875
23912369,Chase,2026-Q3,93,1.55
23915890,Chase,2026-Q3,93,1.55
23918165,Citi,2026-Q3,345,10.78125
23918452,Chase,2026-Q3,93,1.55
23919371,American Express,2026-Q3,103,1.2875
23920108,Chase,2026-Q3,93,1.55
23920648,American Express,2026-Q3,103,1.2875
23920717,American Express,2026-Q3,103,1.2875
23921507,Chase,2026-Q3,93,1.55
23921543,Capital One,2026-Q3,221,6.90625
23922435,Synchrony,2026-Q3,217,6.78125
23923201,Bank of America,2026-Q3,130,4.0625
23924948,Citi,2026-Q3,345,10.78125
23925529,Chase,2026-Q3,93,1.55
23929908,Chase,2026-Q3,93,1.55
23932847,American Express,2026-Q3,103,1.2875
23933900,American Express,2026-Q3,103,1.2875
23934211,Chase,2026-Q3,93,1.55
23937346,American Express,2026-Q3,103,1.2875
23942657,American Express,2026-Q3,103,1.2875
23945254,Bank of America,2026-Q3,130,4.0625
23947744,Synchrony,2026-Q3,217,6.78125
23948807,Synchrony,2026-Q3,217,6.78125
23950510,Chase,2026-Q3,93,1.55
23951073,Bank of America,2026-Q3,130,4.0625
23953149,Chase,2026-Q3,93,1.55
23953628,Bank of America,2026-Q3,130,4.0625
23955731,Chase,2026-Q3,93,1.55
23956032,Synchrony,2026-Q3,217,6.78125
23957227,Synchrony,2026-Q3,217,6.78125
23958904,Bank of America,2026-Q3,130,4.0625
23959009,Chase,2026-Q3,93,1.55
23962953,American Express,2026-Q3,103,1.2875
23963858,Capital One,2026-Q3,221,6.90625
23964819,Chase,2026-Q3,93,1.55
23964976,Chase,2026-Q3,93,1.55
23970492,Synchrony,2026-Q3,217,6.78125
23977191,American Express,2026-Q3,103,1.2875
23977567,American Express,2026-Q3,103,1.2875
23977593,Chase,2026-Q3,93,1.55
23982491,Citi,2026-Q3,345,10.78125
23983405,Capital One,2026-Q3,221,6.90625
23986007,Citi,2026-Q3,345,10.78125
23986341,Capital One,2026-Q3,221,6.90625
23986433,Chase,2026-Q3,93,1.55
23986591,American Express,2026-Q3,103,1.2875
23986724,Chase,2026-Q3,93,1.55
23987975,American Express,2026-Q3,103,1.2875
23988127,American Express,2026-Q3,103,1.2875
23989098,Bank of America,2026-Q3,130,4.0625
23990995,American Express,2026-Q3,103,1.2875
23991413,American Express,2026-Q3,103,1.2875
23992002,American Express,2026-Q3,103,1.2875
23994435,Chase,2026-Q3,93,1.55
23994612,Bank of America,2026-Q3,130,4.0625
23996914,Chase,2026-Q3,93,1.55
23997317,Chase,2026-Q3,93,1.55
23997668,Capital One,2026-Q3,221,6.90625
23998509,American Express,2026-Q3,103,1.2875
24000868,Chase,2026-Q3,93,1.55
24001216,American Express,2026-Q3,103,1.2875
24002496,American Express,2026-Q3,103,1.2875
24004518,American Express,2026-Q3,103,1.2875
24015258,Chase,2026-Q3,93,1.55
24020145,Capital One,2026-Q3,221,6.90625
24021758,American Express,2026-Q3,103,1.2875
24023144,American Express,2026-Q3,103,1.2875
24026496,Capital One,2026-Q3,221,6.90625
24028220,American Express,2026-Q3,103,1.2875
24032545,Chase,2026-Q3,93,1.55
24113125,Bank of America,2026-Q3,130,4.0625
24117009,American Express,2026-Q3,103,1.2875
24117093,American Express,2026-Q3,103,1.2875
24118844,Chase,2026-Q3,93,1.55
24119291,Chase,2026-Q3,93,1.55
24119427,Bank of America,2026-Q3,130,4.0625
24119462,Capital One,2026-Q3,221,6.90625
24119499,American Express,2026-Q3,103,1.2875
24119675,Synchrony,2026-Q3,217,6.78125
24119975,Bank of America,2026-Q3,130,4.0625
24120688,Capital One,2026-Q3,221,6.90625
24121002,Capital One,2026-Q3,221,6.90625
24123117,American Express,2026-Q3,103,1.2875
24130164,Capital One,2026-Q3,221,6.90625
24131069,Chase,2026-Q3,93,1.55
24131423,Chase,2026-Q3,93,1.55
24132068,Chase,2026-Q3,93,1.55
24133640,Bank of America,2026-Q3,130,4.0625
24133898,Bank of America,2026-Q3,130,4.0625
24134065,Chase,2026-Q3,93,1.55
24141754,Chase,2026-Q3,93,1.55
24142771,American Express,2026-Q3,103,1.2875
24143139,Chase,2026-Q3,93,1.55
24144106,Chase,2026-Q3,93,1.55
24148954,Chase,2026-Q3,93,1.55
24150277,American Express,2026-Q3,103,1.2875
24151782,American Express,2026-Q3,103,1.2875
24151910,Bank of America,2026-Q3,130,4.0625
24152976,Chase,2026-Q3,93,1.55
24153691,American Express,2026-Q3,103,1.2875
24153807,Synchrony,2026-Q3,217,6.78125
24155964,Capital One,2026-Q3,221,6.90625
24157246,Citi,2026-Q3,345,10.78125
24157601,American Express,2026-Q3,103,1.2875
24157831,American Express,2026-Q3,103,1.2875
24158251,Chase,2026-Q3,93,1.55
24159672,Chase,2026-Q3,93,1.55
24162284,Capital One,2026-Q3,221,6.90625
24163558,American Express,2026-Q3,103,1.2875
24164044,American Express,2026-Q3,103,1.2875
24165038,American Express,2026-Q3,103,1.2875
24165869,Bank of America,2026-Q3,130,4.0625
24166416,American Express,2026-Q3,103,1.2875
24173557,American Express,2026-Q3,103,1.2875
24176028,Citi,2026-Q3,345,10.78125
24176879,Bank of America,2026-Q3,130,4.0625
24179109,Capital One,2026-Q3,221,6.90625
24180488,Chase,2026-Q3,93,1.55
24181428,American Express,2026-Q3,103,1.2875
24185975,Chase,2026-Q3,93,1.55
24186325,Chase,2026-Q3,93,1.55
24188842,Citi,2026-Q3,345,10.78125
24189031,American Express,2026-Q3,103,1.2875
24190543,Synchrony,2026-Q3,217,6.78125
24192826,American Express,2026-Q3,103,1.2875
24192885,American Express,2026-Q3,103,1.2875
24196219,Chase,2026-Q3,93,1.55
24198328,Chase,2026-Q3,93,1.55
24199541,Capital One,2026-Q3,221,6.90625
24203271,American Express,2026-Q3,103,1.2875
24204296,American Express,2026-Q3,103,1.2875
24204852,Bank of America,2026-Q3,130,4.0625
24205851,Citi,2026-Q3,345,10.78125
24206505,Chase,2026-Q3,93,1.55
24207660,Capital One,2026-Q3,221,6.90625
24209216,Synchrony,2026-Q3,217,6.78125
24209490,Chase,2026-Q3,93,1.55
24210341,Capital One,2026-Q3,221,6.90625
24211137,Bank of America,2026-Q3,130,4.0625
24211885,Capital One,2026-Q3,221,6.90625
24214062,Citi,2026-Q3,345,10.78125
24220401,Bank of America,2026-Q3,130,4.0625
24220687,Bank of America,2026-Q3,130,4.0625
24230476,Bank of America,2026-Q3,130,4.0625
24242657,Citi,2026-Q3,345,10.78125
24244260,Citi,2026-Q3,345,10.78125
24265406,Synchrony,2026-Q3,217,6.78125
24271773,Bank of America,2026-Q3,130,4.0625
24282531,Synchrony,2026-Q3,217,6.78125
24286428,Synchrony,2026-Q3,217,6.78125
24289963,Synchrony,2026-Q3,217,6.78125
24356334,Bank of America,2026-Q3,130,4.0625
24384505,Synchrony,2026-Q3,217,6.78125
24390936,Synchrony,2026-Q3,217,6.78125
24397668,Synchrony,2026-Q3,217,6.78125
24401410,Citi,2026-Q3,345,10.78125
24427629,Citi,2026-Q3,345,10.78125
24429655,Synchrony,2026-Q3,217,6.78125
24438877,Bank of America,2026-Q3,130,4.0625
24439690,Citi,2026-Q3,345,10.78125
24440990,Citi,2026-Q3,345,10.78125
24456200,Synchrony,2026-Q3,217,6.78125
24467586,Citi,2026-Q3,345,10.78125
24469000,Synchrony,2026-Q3,217,6.78125
24470504,Synchrony,2026-Q3,217,6.78125
24490119,Synchrony,2026-Q3,217,6.78125
24524859,Citi,2026-Q3,345,10.78125
24529928,Bank of America,2026-Q3,130,4.0625
24530020,Synchrony,2026-Q3,217,6.78125
24537090,Bank of America,2026-Q3,130,4.0625
24632829,Synchrony,2026-Q3,217,6.78125
24670380,Citi,2026-Q3,345,10.78125
24676426,Citi,2026-Q3,345,10.78125
24680755,Synchrony,2026-Q3,217,6.78125
24690277,Bank of America,2026-Q3,130,4.0625
24696957,Citi,2026-Q3,345,10.78125
24698441,Citi,2026-Q3,345,10.78125
24703359,Bank of America,2026-Q3,130,4.0625
24733374,Synchrony,2026-Q3,217,6.78125
24742630,Citi,2026-Q3,345,10.78125
